verdict,brand,shop_name_1,product_name_1,product_url_1,shop_name_2,product_name_2,product_url_2,Manual Check
DIFFERENT,ABC,ACE Market,ABC Sweet Soy Sauce Large 600ml,https://acemarket.nl/product/abc-sweet-soy-sauce-large-600ml/,Tjin's Toko,"ABC ABC Kecap Manis, 600ml",https://www.tjinstoko.eu/en/abc-kecap-manis-600ml.html,SAME
DIFFERENT,ABC,ACE Market,ABC Sweet Soy Sauce Large 600ml,https://acemarket.nl/product/abc-sweet-soy-sauce-large-600ml/,Toko Gembira,ABC Kecap Manis 600ml,https://www.tokogembira.nl/nl/abc-kecap-manis-600ml.html,SAME
DIFFERENT,ABC,ACE Market,ABC Sweet Soy Sauce Large 600ml,https://acemarket.nl/product/abc-sweet-soy-sauce-large-600ml/,Dun Yong,Kecap Asin Special Salty Soy Sauce (ABC) 600ml,https://dunyong.com/products/kecap-asin-special-salty-soy-sauce-abc-600ml,DIFFERENT
DIFFERENT,ABC,Dun Yong,Kecap Asin Special Salty Soy Sauce (ABC) 600ml,https://dunyong.com/products/kecap-asin-special-salty-soy-sauce-abc-600ml,Toko Gembira,ABC Kecap Manis 600ml,https://www.tokogembira.nl/nl/abc-kecap-manis-600ml.html,DIFFERENT
DIFFERENT,ABC,Dun Yong,Kecap Asin Special Salty Soy Sauce (ABC) 600ml,https://dunyong.com/products/kecap-asin-special-salty-soy-sauce-abc-600ml,Tjin's Toko,"ABC ABC Kecap Manis, 600ml",https://www.tjinstoko.eu/en/abc-kecap-manis-600ml.html,DIFFERENT
DIFFERENT,KIKKOMAN,ACE Market,KIKKOMAN Ponzu Soy Sauce 250ml,https://acemarket.nl/product/kikkoman-ponzu-soy-sauce-250ml/,Dun Yong,Sweet Soy Sauce for Rice (Kikkoman) 250ml,https://dunyong.com/products/sweet-soy-sauce-for-rice-kikkoman-250ml,DIFFERENT
DIFFERENT,KIKKOMAN,ACE Market,KIKKOMAN Ponzu Soy Sauce 250ml,https://acemarket.nl/product/kikkoman-ponzu-soy-sauce-250ml/,Shilla Market,Kikkoman Sweet Soy Sauce 250ml,https://shillamarket.com/products/kikkoman-sweet-soy-sauce-250ml,DIFFERENT
DIFFERENT,KIKKOMAN,ACE Market,KIKKOMAN Ponzu Soy Sauce 250ml,https://acemarket.nl/product/kikkoman-ponzu-soy-sauce-250ml/,Shilla Market,Kikkoman Tamari Shoyu Soy Sauce Gluten-Free 250ml,https://shillamarket.com/products/kikkoman-tamari-shoyu-250ml,DIFFERENT
DIFFERENT,KIKKOMAN,ACE Market,KIKKOMAN Ponzu Soy Sauce 250ml,https://acemarket.nl/product/kikkoman-ponzu-soy-sauce-250ml/,Tjin's Toko,"Kikkoman Kikkoman Soy Sauce, 250ml",https://www.tjinstoko.eu/en/kikkoman-soy-sauce-250ml.html,DIFFERENT
DIFFERENT,KIKKOMAN,ACE Market,KIKKOMAN Ponzu Soy Sauce 250ml,https://acemarket.nl/product/kikkoman-ponzu-soy-sauce-250ml/,Tjin's Toko,"Kikkoman Kikkoman Soy Sauce Less Salt, 250ml",https://www.tjinstoko.eu/en/kikkoman-soy-sauce-less-salt-250ml.html,DIFFERENT
DIFFERENT,KIKKOMAN,ACE Market,KIKKOMAN Ponzu Soy Sauce 250ml,https://acemarket.nl/product/kikkoman-ponzu-soy-sauce-250ml/,Tjin's Toko,"Kikkoman Kikkoman Tamari Soy Sauce, 250ml",https://www.tjinstoko.eu/en/kikkoman-tamari-soy-sauce-250ml.html,DIFFERENT
DIFFERENT,KIKKOMAN,ACE Market,KIKKOMAN Ponzu Soy Sauce 250ml,https://acemarket.nl/product/kikkoman-ponzu-soy-sauce-250ml/,Tjin's Toko,"Kikkoman Kikkoman Sushi &amp; Sashimi Soy Sauce, 250ml",https://www.tjinstoko.eu/en/kikkoman-sushi-sashimi-soy-sauce-250ml.html,DIFFERENT
DIFFERENT,KIKKOMAN,ACE Market,KIKKOMAN Ponzu Soy Sauce 250ml,https://acemarket.nl/product/kikkoman-ponzu-soy-sauce-250ml/,Toko Asia,KIKKOMAN SOY SAUCE 250 ML,https://www.tokoazia.nl/Kikkoman-Soy-Sauce-250-ml,DIFFERENT
DIFFERENT,KIKKOMAN,ACE Market,KIKKOMAN Ponzu Soy Sauce 250ml,https://acemarket.nl/product/kikkoman-ponzu-soy-sauce-250ml/,Toko Asia,KIKKOMAN TAMARI SOY SAUCE 250 ML,https://www.tokoazia.nl/Kikkoman-Tamari-Soy-Sauce-250-ml,DIFFERENT
DIFFERENT,KIKKOMAN,ACE Market,KIKKOMAN Ponzu Soy Sauce 250ml,https://acemarket.nl/product/kikkoman-ponzu-soy-sauce-250ml/,Toko Asia,KIKKOMAN PONZU LEMON SOY SAUCE 250 ML,https://www.tokoazia.nl/KIKKOMAN-PONZU-LEMON-SOY-SAUCE-250-ML,SAME
DIFFERENT,KIKKOMAN,ACE Market,KIKKOMAN Ponzu Soy Sauce 250ml,https://acemarket.nl/product/kikkoman-ponzu-soy-sauce-250ml/,Toko Gembira,Kikkoman Soja saus 250ml less salt,https://www.tokogembira.nl/nl/kikkoman-soja-saus-250ml.html,DIFFERENT
DIFFERENT,KIKKOMAN,ACE Market,KIKKOMAN Soy Sauce Dispenser 150ml,https://acemarket.nl/product/kikkoman-soy-sauce-dispenser-150ml/,Toko Gembira,Soy Sauce 150ml less salt Kikkoman,https://www.tokogembira.nl/nl/soy-sauce-150ml-less-salt.html,DIFFERENT
DIFFERENT,KIKKOMAN,ACE Market,KIKKOMAN Soy Sauce Dispenser 150ml,https://acemarket.nl/product/kikkoman-soy-sauce-dispenser-150ml/,Toko Asia,KIKKOMAN GLUTEN FREE SOJASAUS TAMARI 150ML,https://www.tokoazia.nl/KIKKOMAN-GLUTEN-FREE-SOJASAUS-TAMARI-150ML,DIFFERENT
DIFFERENT,KIKKOMAN,ACE Market,KIKKOMAN Soy Sauce Dispenser 150ml,https://acemarket.nl/product/kikkoman-soy-sauce-dispenser-150ml/,Toko Asia,KIKKOMAN BIO SOJASAUCE 150 ML,https://www.tokoazia.nl/KIKKOMAN-BIO-SOJASAUCE-150-ML,DIFFERENT
DIFFERENT,KIKKOMAN,ACE Market,KIKKOMAN Soy Sauce Dispenser 150ml,https://acemarket.nl/product/kikkoman-soy-sauce-dispenser-150ml/,Tjin's Toko,"Kikkoman Kikkoman Less Salt Schenkfles, 150ml",https://www.tjinstoko.eu/en/kikkoman-less-salt-schenkfles-150ml.html,DIFFERENT
DIFFERENT,KIKKOMAN,ACE Market,KIKKOMAN Soy Sauce Dispenser 150ml,https://acemarket.nl/product/kikkoman-soy-sauce-dispenser-150ml/,Shilla Market,Kikkoman Gen'en Shoyu Reduced Salt Soy Sauce 150ml,https://shillamarket.com/products/kikkoman-genen-shoyu-table-dispenser-150ml,DIFFERENT
DIFFERENT,KIKKOMAN,ACE Market,KIKKOMAN Soy Sauce Dispenser 150ml,https://acemarket.nl/product/kikkoman-soy-sauce-dispenser-150ml/,Tjin's Toko,"Kikkoman Kikkoman Tamari Soy Sauce, 150ml",https://www.tjinstoko.eu/en/kikkoman-tamari-sojasaus-150ml.html,DIFFERENT
DIFFERENT,KIKKOMAN,ACE Market,KIKKOMAN Soy Sauce Dispenser 150ml,https://acemarket.nl/product/kikkoman-soy-sauce-dispenser-150ml/,Toko Asia,KIKKOMAN LESS SALT SOY SAUCE 150 ML,https://www.tokoazia.nl/Kikkoman-Less-Salt-Soy-Sauce-150-ml,DIFFERENT
DIFFERENT,KIKKOMAN,ACE Market,KIKKOMAN Soy Sauce Dispenser 150ml,https://acemarket.nl/product/kikkoman-soy-sauce-dispenser-150ml/,Toko Gembira,Tamari Gluten Free Soy Sauce 150ml - Kikkoman,https://www.tokogembira.nl/nl/tamari-gluten-free-soy-sauce-150ml-kikkoman.html,DIFFERENT
DIFFERENT,KIKKOMAN,ACE Market,KIKKOMAN Soy Sauce Japanese 500ml,https://acemarket.nl/product/kikkoman-soy-sauce-japanese-500ml/,Shilla Market,Kikkoman Tokusen Yuki Organic Soy Sauce 500ml,https://shillamarket.com/products/tokusen-yuki-shoyu-500ml,DIFFERENT
DIFFERENT,KIKKOMAN,ACE Market,KIKKOMAN Soy Sauce NL 1L,https://acemarket.nl/product/kikkoman-soy-sauce-nl-1l/,Toko Asia,KIKKOMAN SOY SAUCE GLUTEN FREE TAMARI 1LITER,https://www.tokoazia.nl/KIKKOMAN-SOY-SAUCE-GLUTEN-FREE-TAMARI-1LITER,DIFFERENT
DIFFERENT,KIKKOMAN,ACE Market,KIKKOMAN Soy Sauce NL 1L,https://acemarket.nl/product/kikkoman-soy-sauce-nl-1l/,Toko Gembira,Kikkoman Soja Saus 1 liter less salt,https://www.tokogembira.nl/nl/kikkoman-soja-saus-1-liter.html,DIFFERENT
DIFFERENT,KIKKOMAN,ACE Market,KIKKOMAN Soy Sauce NL 1L,https://acemarket.nl/product/kikkoman-soy-sauce-nl-1l/,Shilla Market,Kikkoman Tokusen Marudaizu Shoyu Soy Sauce 1L,https://shillamarket.com/products/tokusen-marudaizu-shoyu-1l,DIFFERENT
DIFFERENT,KIKKOMAN,ACE Market,KIKKOMAN Soy Sauce NL 1L,https://acemarket.nl/product/kikkoman-soy-sauce-nl-1l/,Tjin's Toko,"Kikkoman Kikkoman Tokusen Marudaizu Shoyu, 1L",https://www.tjinstoko.eu/en/kikkoman-tokusen-marudaizu-shoyu-1l.html,DIFFERENT
DIFFERENT,KIKKOMAN,ACE Market,KIKKOMAN Soy Sauce NL 1L,https://acemarket.nl/product/kikkoman-soy-sauce-nl-1l/,Tjin's Toko,"Kikkoman Kikkoman Ponzu Soy Sauce, 1L",https://www.tjinstoko.eu/en/kikkoman-ponzu-soy-sauce-1l.html,DIFFERENT
DIFFERENT,KIKKOMAN,ACE Market,KIKKOMAN Soy Sauce NL 1L,https://acemarket.nl/product/kikkoman-soy-sauce-nl-1l/,Tjin's Toko,"Kikkoman Kikkoman Tamari, 1L",https://www.tjinstoko.eu/en/kikkoman-tamari-1l.html,DIFFERENT
DIFFERENT,KIKKOMAN,ACE Market,KIKKOMAN Soy Sauce NL 1L,https://acemarket.nl/product/kikkoman-soy-sauce-nl-1l/,Dun Yong,Usukuchi Shoyu Light Soy Sauce  (Kikkoman) 1L,https://dunyong.com/products/usukuchi-shoyu-light-soy-sauce-kikkoman-1l,DIFFERENT
DIFFERENT,KIKKOMAN,ACE Market,KIKKOMAN Soy Sauce NL 1L,https://acemarket.nl/product/kikkoman-soy-sauce-nl-1l/,Dun Yong,Naturally Brewed Less Salt Soy Sauce (Kikkoman) 1L,https://dunyong.com/products/naturally-brewed-less-salt-soy-sauce-kikkoman-1l,DIFFERENT
DIFFERENT,KIKKOMAN,ACE Market,KIKKOMAN Tamari Gluten-Free Soy Sauce 1L,https://acemarket.nl/product/kikkoman-tamari-gluten-free-soya-sauce-1l/,Toko Asia,KIKKOMAN SOY SAUCE 1 LITER,https://www.tokoazia.nl/Kikkoman-Soy-Sauce-1-Liter,DIFFERENT
DIFFERENT,KIKKOMAN,ACE Market,KIKKOMAN Tamari Gluten-Free Soy Sauce 1L,https://acemarket.nl/product/kikkoman-tamari-gluten-free-soya-sauce-1l/,Tjin's Toko,"Kikkoman Kikkoman Tokusen Marudaizu Shoyu, 1L",https://www.tjinstoko.eu/en/kikkoman-tokusen-marudaizu-shoyu-1l.html,DIFFERENT
DIFFERENT,KIKKOMAN,ACE Market,KIKKOMAN Tamari Gluten-Free Soy Sauce 1L,https://acemarket.nl/product/kikkoman-tamari-gluten-free-soya-sauce-1l/,Tjin's Toko,"Kikkoman Kikkoman Ponzu Soy Sauce, 1L",https://www.tjinstoko.eu/en/kikkoman-ponzu-soy-sauce-1l.html,DIFFERENT
DIFFERENT,KIKKOMAN,ACE Market,KIKKOMAN Tamari Gluten-Free Soy Sauce 1L,https://acemarket.nl/product/kikkoman-tamari-gluten-free-soya-sauce-1l/,Tjin's Toko,"Kikkoman Kikkoman Soy Sauce, 1L",https://www.tjinstoko.eu/en/kikkoman-soy-sauce-1l.html,DIFFERENT
DIFFERENT,KIKKOMAN,ACE Market,KIKKOMAN Tamari Gluten-Free Soy Sauce 1L,https://acemarket.nl/product/kikkoman-tamari-gluten-free-soya-sauce-1l/,Shilla Market,Kikkoman Koikuchi Shoyu Soy Sauce 1L,https://shillamarket.com/products/koikuchi-shoyu-1l,DIFFERENT
DIFFERENT,KIKKOMAN,ACE Market,KIKKOMAN Tamari Gluten-Free Soy Sauce 1L,https://acemarket.nl/product/kikkoman-tamari-gluten-free-soya-sauce-1l/,Dun Yong,Shouyu Naturally Brewed Soy Sauce (Kikkoman) 1L,https://dunyong.com/products/shouyu-naturally-brewed-soy-sauce-kikkoman-1l,DIFFERENT
DIFFERENT,KIKKOMAN,ACE Market,KIKKOMAN Tamari Gluten-Free Soy Sauce 1L,https://acemarket.nl/product/kikkoman-tamari-gluten-free-soya-sauce-1l/,Dun Yong,Usukuchi Shoyu Light Soy Sauce  (Kikkoman) 1L,https://dunyong.com/products/usukuchi-shoyu-light-soy-sauce-kikkoman-1l,DIFFERENT
DIFFERENT,KIKKOMAN,ACE Market,KIKKOMAN Tamari Gluten-Free Soy Sauce 1L,https://acemarket.nl/product/kikkoman-tamari-gluten-free-soya-sauce-1l/,Toko Gembira,Kikkoman sojasaus 1 L,https://www.tokogembira.nl/nl/kikkoman-sojasaus-1-l.html,DIFFERENT
DIFFERENT,KIKKOMAN,ACE Market,KIKKOMAN Tamari Gluten-Free Soy Sauce 1L,https://acemarket.nl/product/kikkoman-tamari-gluten-free-soya-sauce-1l/,Dun Yong,Naturally Brewed Less Salt Soy Sauce (Kikkoman) 1L,https://dunyong.com/products/naturally-brewed-less-salt-soy-sauce-kikkoman-1l,DIFFERENT
DIFFERENT,KIKKOMAN,ACE Market,KIKKOMAN Tamari Gluten-Free Soy Sauce 1L,https://acemarket.nl/product/kikkoman-tamari-gluten-free-soya-sauce-1l/,Shilla Market,Kikkoman Tokusen Marudaizu Shoyu Soy Sauce 1L,https://shillamarket.com/products/tokusen-marudaizu-shoyu-1l,DIFFERENT
DIFFERENT,KIKKOMAN,ACE Market,KIKKOMAN Tamari Gluten-Free Soy Sauce 1L,https://acemarket.nl/product/kikkoman-tamari-gluten-free-soya-sauce-1l/,Toko Gembira,Kikkoman Soja Saus 1 liter less salt,https://www.tokogembira.nl/nl/kikkoman-soja-saus-1-liter.html,DIFFERENT
DIFFERENT,KIKKOMAN,Dun Yong,Naturally Brewed Less Salt Soy Sauce (Kikkoman) 1L,https://dunyong.com/products/naturally-brewed-less-salt-soy-sauce-kikkoman-1l,Tjin's Toko,"Kikkoman Kikkoman Tokusen Marudaizu Shoyu, 1L",https://www.tjinstoko.eu/en/kikkoman-tokusen-marudaizu-shoyu-1l.html,DIFFERENT
DIFFERENT,KIKKOMAN,Dun Yong,Naturally Brewed Less Salt Soy Sauce (Kikkoman) 1L,https://dunyong.com/products/naturally-brewed-less-salt-soy-sauce-kikkoman-1l,Tjin's Toko,"Kikkoman Kikkoman Tamari, 1L",https://www.tjinstoko.eu/en/kikkoman-tamari-1l.html,DIFFERENT
DIFFERENT,KIKKOMAN,Dun Yong,Naturally Brewed Less Salt Soy Sauce (Kikkoman) 1L,https://dunyong.com/products/naturally-brewed-less-salt-soy-sauce-kikkoman-1l,Shilla Market,Kikkoman Tokusen Marudaizu Shoyu Soy Sauce 1L,https://shillamarket.com/products/tokusen-marudaizu-shoyu-1l,DIFFERENT
DIFFERENT,KIKKOMAN,Dun Yong,Naturally Brewed Less Salt Soy Sauce (Kikkoman) 1L,https://dunyong.com/products/naturally-brewed-less-salt-soy-sauce-kikkoman-1l,Tjin's Toko,"Kikkoman Kikkoman Ponzu Soy Sauce, 1L",https://www.tjinstoko.eu/en/kikkoman-ponzu-soy-sauce-1l.html,DIFFERENT
DIFFERENT,KIKKOMAN,Dun Yong,Naturally Brewed Less Salt Soy Sauce (Kikkoman) 1L,https://dunyong.com/products/naturally-brewed-less-salt-soy-sauce-kikkoman-1l,Shilla Market,Kikkoman Koikuchi Shoyu Soy Sauce 1L,https://shillamarket.com/products/koikuchi-shoyu-1l,DIFFERENT
DIFFERENT,KIKKOMAN,Dun Yong,Naturally Brewed Less Salt Soy Sauce (Kikkoman) 1L,https://dunyong.com/products/naturally-brewed-less-salt-soy-sauce-kikkoman-1l,Tjin's Toko,"Kikkoman Kikkoman Soy Sauce, 1L",https://www.tjinstoko.eu/en/kikkoman-soy-sauce-1l.html,DIFFERENT
DIFFERENT,KIKKOMAN,Dun Yong,Naturally Brewed Less Salt Soy Sauce (Kikkoman) 1L,https://dunyong.com/products/naturally-brewed-less-salt-soy-sauce-kikkoman-1l,Toko Asia,KIKKOMAN SOY SAUCE GLUTEN FREE TAMARI 1LITER,https://www.tokoazia.nl/KIKKOMAN-SOY-SAUCE-GLUTEN-FREE-TAMARI-1LITER,DIFFERENT
DIFFERENT,KIKKOMAN,Dun Yong,Naturally Brewed Soy Sauce (Kikkoman) 500ml,https://dunyong.com/products/naturally-brewed-soy-sauce-kikkoman-500ml,Shilla Market,Kikkoman Tokusen Yuki Organic Soy Sauce 500ml,https://shillamarket.com/products/tokusen-yuki-shoyu-500ml,DIFFERENT
DIFFERENT,KIKKOMAN,Dun Yong,Shouyu Naturally Brewed Soy Sauce (Kikkoman) 1L,https://dunyong.com/products/shouyu-naturally-brewed-soy-sauce-kikkoman-1l,Toko Gembira,Kikkoman Soja Saus 1 liter less salt,https://www.tokogembira.nl/nl/kikkoman-soja-saus-1-liter.html,DIFFERENT
DIFFERENT,KIKKOMAN,Dun Yong,Shouyu Naturally Brewed Soy Sauce (Kikkoman) 1L,https://dunyong.com/products/shouyu-naturally-brewed-soy-sauce-kikkoman-1l,Tjin's Toko,"Kikkoman Kikkoman Tamari, 1L",https://www.tjinstoko.eu/en/kikkoman-tamari-1l.html,DIFFERENT
DIFFERENT,KIKKOMAN,Dun Yong,Shouyu Naturally Brewed Soy Sauce (Kikkoman) 1L,https://dunyong.com/products/shouyu-naturally-brewed-soy-sauce-kikkoman-1l,Tjin's Toko,"Kikkoman Kikkoman Ponzu Soy Sauce, 1L",https://www.tjinstoko.eu/en/kikkoman-ponzu-soy-sauce-1l.html,DIFFERENT
DIFFERENT,KIKKOMAN,Dun Yong,Shouyu Naturally Brewed Soy Sauce (Kikkoman) 1L,https://dunyong.com/products/shouyu-naturally-brewed-soy-sauce-kikkoman-1l,Tjin's Toko,"Kikkoman Kikkoman Tokusen Marudaizu Shoyu, 1L",https://www.tjinstoko.eu/en/kikkoman-tokusen-marudaizu-shoyu-1l.html,DIFFERENT
DIFFERENT,KIKKOMAN,Dun Yong,Shouyu Naturally Brewed Soy Sauce (Kikkoman) 1L,https://dunyong.com/products/shouyu-naturally-brewed-soy-sauce-kikkoman-1l,Shilla Market,Kikkoman Tokusen Marudaizu Shoyu Soy Sauce 1L,https://shillamarket.com/products/tokusen-marudaizu-shoyu-1l,DIFFERENT
DIFFERENT,KIKKOMAN,Dun Yong,Shouyu Naturally Brewed Soy Sauce (Kikkoman) 1L,https://dunyong.com/products/shouyu-naturally-brewed-soy-sauce-kikkoman-1l,Toko Asia,KIKKOMAN SOY SAUCE GLUTEN FREE TAMARI 1LITER,https://www.tokoazia.nl/KIKKOMAN-SOY-SAUCE-GLUTEN-FREE-TAMARI-1LITER,DIFFERENT
DIFFERENT,KIKKOMAN,Dun Yong,Sweet Soy Sauce for Rice (Kikkoman) 250ml,https://dunyong.com/products/sweet-soy-sauce-for-rice-kikkoman-250ml,Tjin's Toko,"Kikkoman Kikkoman Sushi &amp; Sashimi Soy Sauce, 250ml",https://www.tjinstoko.eu/en/kikkoman-sushi-sashimi-soy-sauce-250ml.html,DIFFERENT
DIFFERENT,KIKKOMAN,Dun Yong,Sweet Soy Sauce for Rice (Kikkoman) 250ml,https://dunyong.com/products/sweet-soy-sauce-for-rice-kikkoman-250ml,Shilla Market,Kikkoman Tamari Shoyu Soy Sauce Gluten-Free 250ml,https://shillamarket.com/products/kikkoman-tamari-shoyu-250ml,DIFFERENT
DIFFERENT,KIKKOMAN,Dun Yong,Sweet Soy Sauce for Rice (Kikkoman) 250ml,https://dunyong.com/products/sweet-soy-sauce-for-rice-kikkoman-250ml,Tjin's Toko,"Kikkoman Kikkoman Soy Sauce Less Salt, 250ml",https://www.tjinstoko.eu/en/kikkoman-soy-sauce-less-salt-250ml.html,DIFFERENT
DIFFERENT,KIKKOMAN,Dun Yong,Sweet Soy Sauce for Rice (Kikkoman) 250ml,https://dunyong.com/products/sweet-soy-sauce-for-rice-kikkoman-250ml,Tjin's Toko,"Kikkoman Kikkoman Soy Sauce, 250ml",https://www.tjinstoko.eu/en/kikkoman-soy-sauce-250ml.html,DIFFERENT
DIFFERENT,KIKKOMAN,Dun Yong,Sweet Soy Sauce for Rice (Kikkoman) 250ml,https://dunyong.com/products/sweet-soy-sauce-for-rice-kikkoman-250ml,Tjin's Toko,"Kikkoman Kikkoman Ponzu Citrus Soy Sauce, 250ml",https://www.tjinstoko.eu/en/kikkoman-ponzu-citrus-soy-sauce-250ml.html,DIFFERENT
DIFFERENT,KIKKOMAN,Dun Yong,Sweet Soy Sauce for Rice (Kikkoman) 250ml,https://dunyong.com/products/sweet-soy-sauce-for-rice-kikkoman-250ml,Toko Asia,KIKKOMAN PONZU LEMON SOY SAUCE 250 ML,https://www.tokoazia.nl/KIKKOMAN-PONZU-LEMON-SOY-SAUCE-250-ML,DIFFERENT
DIFFERENT,KIKKOMAN,Dun Yong,Sweet Soy Sauce for Rice (Kikkoman) 250ml,https://dunyong.com/products/sweet-soy-sauce-for-rice-kikkoman-250ml,Toko Gembira,Kikkoman Soja saus 250ml less salt,https://www.tokogembira.nl/nl/kikkoman-soja-saus-250ml.html,DIFFERENT
DIFFERENT,KIKKOMAN,Dun Yong,Sweet Soy Sauce for Rice (Kikkoman) 250ml,https://dunyong.com/products/sweet-soy-sauce-for-rice-kikkoman-250ml,Toko Asia,KIKKOMAN SOY SAUCE 250 ML,https://www.tokoazia.nl/Kikkoman-Soy-Sauce-250-ml,DIFFERENT
DIFFERENT,KIKKOMAN,Dun Yong,Sweet Soy Sauce for Rice (Kikkoman) 250ml,https://dunyong.com/products/sweet-soy-sauce-for-rice-kikkoman-250ml,Tjin's Toko,"Kikkoman Kikkoman Tamari Soy Sauce, 250ml",https://www.tjinstoko.eu/en/kikkoman-tamari-soy-sauce-250ml.html,DIFFERENT
DIFFERENT,KIKKOMAN,Dun Yong,Sweet Soy Sauce for Rice (Kikkoman) 250ml,https://dunyong.com/products/sweet-soy-sauce-for-rice-kikkoman-250ml,Toko Asia,KIKKOMAN TAMARI SOY SAUCE 250 ML,https://www.tokoazia.nl/Kikkoman-Tamari-Soy-Sauce-250-ml,DIFFERENT
DIFFERENT,KIKKOMAN,Dun Yong,Usukuchi Shoyu Light Soy Sauce  (Kikkoman) 1L,https://dunyong.com/products/usukuchi-shoyu-light-soy-sauce-kikkoman-1l,Tjin's Toko,"Kikkoman Kikkoman Soy Sauce, 1L",https://www.tjinstoko.eu/en/kikkoman-soy-sauce-1l.html,DIFFERENT
DIFFERENT,KIKKOMAN,Dun Yong,Usukuchi Shoyu Light Soy Sauce  (Kikkoman) 1L,https://dunyong.com/products/usukuchi-shoyu-light-soy-sauce-kikkoman-1l,Shilla Market,Kikkoman Koikuchi Shoyu Soy Sauce 1L,https://shillamarket.com/products/koikuchi-shoyu-1l,DIFFERENT
DIFFERENT,KIKKOMAN,Dun Yong,Usukuchi Shoyu Light Soy Sauce  (Kikkoman) 1L,https://dunyong.com/products/usukuchi-shoyu-light-soy-sauce-kikkoman-1l,Tjin's Toko,"Kikkoman Kikkoman Tamari, 1L",https://www.tjinstoko.eu/en/kikkoman-tamari-1l.html,DIFFERENT
DIFFERENT,KIKKOMAN,Dun Yong,Usukuchi Shoyu Light Soy Sauce  (Kikkoman) 1L,https://dunyong.com/products/usukuchi-shoyu-light-soy-sauce-kikkoman-1l,Tjin's Toko,"Kikkoman Kikkoman Ponzu Soy Sauce, 1L",https://www.tjinstoko.eu/en/kikkoman-ponzu-soy-sauce-1l.html,DIFFERENT
DIFFERENT,KIKKOMAN,Dun Yong,Usukuchi Shoyu Light Soy Sauce  (Kikkoman) 1L,https://dunyong.com/products/usukuchi-shoyu-light-soy-sauce-kikkoman-1l,Tjin's Toko,"Kikkoman Kikkoman Tokusen Marudaizu Shoyu, 1L",https://www.tjinstoko.eu/en/kikkoman-tokusen-marudaizu-shoyu-1l.html,DIFFERENT
DIFFERENT,KIKKOMAN,Dun Yong,Usukuchi Shoyu Light Soy Sauce  (Kikkoman) 1L,https://dunyong.com/products/usukuchi-shoyu-light-soy-sauce-kikkoman-1l,Toko Asia,KIKKOMAN SOY SAUCE GLUTEN FREE TAMARI 1LITER,https://www.tokoazia.nl/KIKKOMAN-SOY-SAUCE-GLUTEN-FREE-TAMARI-1LITER,DIFFERENT
DIFFERENT,KIKKOMAN,Dun Yong,Usukuchi Shoyu Light Soy Sauce  (Kikkoman) 1L,https://dunyong.com/products/usukuchi-shoyu-light-soy-sauce-kikkoman-1l,Toko Asia,KIKKOMAN SOY SAUCE 1 LITER,https://www.tokoazia.nl/Kikkoman-Soy-Sauce-1-Liter,DIFFERENT
DIFFERENT,KIKKOMAN,Dun Yong,Usukuchi Shoyu Light Soy Sauce  (Kikkoman) 1L,https://dunyong.com/products/usukuchi-shoyu-light-soy-sauce-kikkoman-1l,Toko Gembira,Kikkoman Soja Saus 1 liter less salt,https://www.tokogembira.nl/nl/kikkoman-soja-saus-1-liter.html,DIFFERENT
DIFFERENT,KIKKOMAN,Dun Yong,Usukuchi Shoyu Light Soy Sauce  (Kikkoman) 1L,https://dunyong.com/products/usukuchi-shoyu-light-soy-sauce-kikkoman-1l,Shilla Market,Kikkoman Tokusen Marudaizu Shoyu Soy Sauce 1L,https://shillamarket.com/products/tokusen-marudaizu-shoyu-1l,DIFFERENT
DIFFERENT,KIKKOMAN,Shilla Market,Kikkoman Gen'en Shoyu Reduced Salt Soy Sauce 150ml,https://shillamarket.com/products/kikkoman-genen-shoyu-table-dispenser-150ml,Tjin's Toko,"Kikkoman Kikkoman Tamari Soy Sauce, 150ml",https://www.tjinstoko.eu/en/kikkoman-tamari-sojasaus-150ml.html,DIFFERENT
DIFFERENT,KIKKOMAN,Shilla Market,Kikkoman Gen'en Shoyu Reduced Salt Soy Sauce 150ml,https://shillamarket.com/products/kikkoman-genen-shoyu-table-dispenser-150ml,Tjin's Toko,"Kikkoman Kikkoman Less Salt Schenkfles, 150ml",https://www.tjinstoko.eu/en/kikkoman-less-salt-schenkfles-150ml.html,SAME
DIFFERENT,KIKKOMAN,Shilla Market,Kikkoman Gen'en Shoyu Reduced Salt Soy Sauce 150ml,https://shillamarket.com/products/kikkoman-genen-shoyu-table-dispenser-150ml,Tjin's Toko,"Kikkoman Kikkoman Soy Sauce Pour Bottle, 150ml",https://www.tjinstoko.eu/en/kikkoman-soy-sauce-150ml.html,DIFFERENT
DIFFERENT,KIKKOMAN,Shilla Market,Kikkoman Gen'en Shoyu Reduced Salt Soy Sauce 150ml,https://shillamarket.com/products/kikkoman-genen-shoyu-table-dispenser-150ml,Toko Asia,KIKKOMAN BIO SOJASAUCE 150 ML,https://www.tokoazia.nl/KIKKOMAN-BIO-SOJASAUCE-150-ML,DIFFERENT
DIFFERENT,KIKKOMAN,Shilla Market,Kikkoman Gen'en Shoyu Reduced Salt Soy Sauce 150ml,https://shillamarket.com/products/kikkoman-genen-shoyu-table-dispenser-150ml,Toko Asia,KIKKOMAN GLUTEN FREE SOJASAUS TAMARI 150ML,https://www.tokoazia.nl/KIKKOMAN-GLUTEN-FREE-SOJASAUS-TAMARI-150ML,DIFFERENT
DIFFERENT,KIKKOMAN,Shilla Market,Kikkoman Gen'en Shoyu Reduced Salt Soy Sauce 150ml,https://shillamarket.com/products/kikkoman-genen-shoyu-table-dispenser-150ml,Toko Asia,KIKKOMAN SOY SAUCE TAFELFLES 150 ML,https://www.tokoazia.nl/Kikkoman-Soja-Sauce-150-ml,DIFFERENT
DIFFERENT,KIKKOMAN,Shilla Market,Kikkoman Gen'en Shoyu Reduced Salt Soy Sauce 150ml,https://shillamarket.com/products/kikkoman-genen-shoyu-table-dispenser-150ml,Toko Gembira,Tamari Gluten Free Soy Sauce 150ml - Kikkoman,https://www.tokogembira.nl/nl/tamari-gluten-free-soy-sauce-150ml-kikkoman.html,DIFFERENT
DIFFERENT,KIKKOMAN,Shilla Market,Kikkoman Koikuchi Shoyu Soy Sauce 1L,https://shillamarket.com/products/koikuchi-shoyu-1l,Tjin's Toko,"Kikkoman Kikkoman Tamari, 1L",https://www.tjinstoko.eu/en/kikkoman-tamari-1l.html,DIFFERENT
DIFFERENT,KIKKOMAN,Shilla Market,Kikkoman Koikuchi Shoyu Soy Sauce 1L,https://shillamarket.com/products/koikuchi-shoyu-1l,Toko Asia,KIKKOMAN SOY SAUCE GLUTEN FREE TAMARI 1LITER,https://www.tokoazia.nl/KIKKOMAN-SOY-SAUCE-GLUTEN-FREE-TAMARI-1LITER,DIFFERENT
DIFFERENT,KIKKOMAN,Shilla Market,Kikkoman Koikuchi Shoyu Soy Sauce 1L,https://shillamarket.com/products/koikuchi-shoyu-1l,Toko Gembira,Kikkoman Soja Saus 1 liter less salt,https://www.tokogembira.nl/nl/kikkoman-soja-saus-1-liter.html,DIFFERENT
DIFFERENT,KIKKOMAN,Shilla Market,Kikkoman Koikuchi Shoyu Soy Sauce 1L,https://shillamarket.com/products/koikuchi-shoyu-1l,Tjin's Toko,"Kikkoman Kikkoman Ponzu Soy Sauce, 1L",https://www.tjinstoko.eu/en/kikkoman-ponzu-soy-sauce-1l.html,DIFFERENT
DIFFERENT,KIKKOMAN,Shilla Market,Kikkoman Koikuchi Shoyu Soy Sauce 1L,https://shillamarket.com/products/koikuchi-shoyu-1l,Tjin's Toko,"Kikkoman Kikkoman Tokusen Marudaizu Shoyu, 1L",https://www.tjinstoko.eu/en/kikkoman-tokusen-marudaizu-shoyu-1l.html,DIFFERENT
DIFFERENT,KIKKOMAN,Shilla Market,Kikkoman Koikuchi Shoyu Soy Sauce 1L,https://shillamarket.com/products/koikuchi-shoyu-1l,Tjin's Toko,"Kikkoman Kikkoman Soy Sauce, 1L",https://www.tjinstoko.eu/en/kikkoman-soy-sauce-1l.html,SAME
DIFFERENT,KIKKOMAN,Shilla Market,Kikkoman Koikuchi Shoyu Soy Sauce 500ml,https://shillamarket.com/products/kikkoman-koikuchi-shoyu-500ml,Toko Gembira,Kikkoman Sojasaus 500 ml,https://www.tokogembira.nl/nl/kikkoman-sojasaus-500-ml.html,SAME
DIFFERENT,KIKKOMAN,Shilla Market,Kikkoman Koikuchi Shoyu Soy Sauce Table Dispenser 150ml,https://shillamarket.com/products/kikkoman-shoyu-table-dispenser-150ml,Tjin's Toko,"Kikkoman Kikkoman Less Salt Schenkfles, 150ml",https://www.tjinstoko.eu/en/kikkoman-less-salt-schenkfles-150ml.html,DIFFERENT
DIFFERENT,KIKKOMAN,Shilla Market,Kikkoman Koikuchi Shoyu Soy Sauce Table Dispenser 150ml,https://shillamarket.com/products/kikkoman-shoyu-table-dispenser-150ml,Tjin's Toko,"Kikkoman Kikkoman Tamari Soy Sauce, 150ml",https://www.tjinstoko.eu/en/kikkoman-tamari-sojasaus-150ml.html,DIFFERENT
DIFFERENT,KIKKOMAN,Shilla Market,Kikkoman Koikuchi Shoyu Soy Sauce Table Dispenser 150ml,https://shillamarket.com/products/kikkoman-shoyu-table-dispenser-150ml,Toko Asia,KIKKOMAN GLUTEN FREE SOJASAUS TAMARI 150ML,https://www.tokoazia.nl/KIKKOMAN-GLUTEN-FREE-SOJASAUS-TAMARI-150ML,DIFFERENT
DIFFERENT,KIKKOMAN,Shilla Market,Kikkoman Koikuchi Shoyu Soy Sauce Table Dispenser 150ml,https://shillamarket.com/products/kikkoman-shoyu-table-dispenser-150ml,Toko Asia,KIKKOMAN LESS SALT SOY SAUCE 150 ML,https://www.tokoazia.nl/Kikkoman-Less-Salt-Soy-Sauce-150-ml,DIFFERENT
DIFFERENT,KIKKOMAN,Shilla Market,Kikkoman Koikuchi Shoyu Soy Sauce Table Dispenser 150ml,https://shillamarket.com/products/kikkoman-shoyu-table-dispenser-150ml,Toko Asia,KIKKOMAN BIO SOJASAUCE 150 ML,https://www.tokoazia.nl/KIKKOMAN-BIO-SOJASAUCE-150-ML,DIFFERENT
DIFFERENT,KIKKOMAN,Shilla Market,Kikkoman Koikuchi Shoyu Soy Sauce Table Dispenser 150ml,https://shillamarket.com/products/kikkoman-shoyu-table-dispenser-150ml,Toko Gembira,Tamari Gluten Free Soy Sauce 150ml - Kikkoman,https://www.tokogembira.nl/nl/tamari-gluten-free-soy-sauce-150ml-kikkoman.html,DIFFERENT
DIFFERENT,KIKKOMAN,Shilla Market,Kikkoman Koikuchi Shoyu Soy Sauce Table Dispenser 150ml,https://shillamarket.com/products/kikkoman-shoyu-table-dispenser-150ml,Toko Gembira,Soy Sauce 150ml less salt Kikkoman,https://www.tokogembira.nl/nl/soy-sauce-150ml-less-salt.html,DIFFERENT
DIFFERENT,KIKKOMAN,Shilla Market,Kikkoman Sweet Soy Sauce 250ml,https://shillamarket.com/products/kikkoman-sweet-soy-sauce-250ml,Toko Gembira,Kikkoman Soja saus 250ml less salt,https://www.tokogembira.nl/nl/kikkoman-soja-saus-250ml.html,DIFFERENT
DIFFERENT,KIKKOMAN,Shilla Market,Kikkoman Sweet Soy Sauce 250ml,https://shillamarket.com/products/kikkoman-sweet-soy-sauce-250ml,Tjin's Toko,"Kikkoman Kikkoman Tamari Soy Sauce, 250ml",https://www.tjinstoko.eu/en/kikkoman-tamari-soy-sauce-250ml.html,DIFFERENT
DIFFERENT,KIKKOMAN,Shilla Market,Kikkoman Sweet Soy Sauce 250ml,https://shillamarket.com/products/kikkoman-sweet-soy-sauce-250ml,Tjin's Toko,"Kikkoman Kikkoman Soy Sauce Less Salt, 250ml",https://www.tjinstoko.eu/en/kikkoman-soy-sauce-less-salt-250ml.html,DIFFERENT
DIFFERENT,KIKKOMAN,Shilla Market,Kikkoman Sweet Soy Sauce 250ml,https://shillamarket.com/products/kikkoman-sweet-soy-sauce-250ml,Tjin's Toko,"Kikkoman Kikkoman Ponzu Citrus Soy Sauce, 250ml",https://www.tjinstoko.eu/en/kikkoman-ponzu-citrus-soy-sauce-250ml.html,DIFFERENT
DIFFERENT,KIKKOMAN,Shilla Market,Kikkoman Sweet Soy Sauce 250ml,https://shillamarket.com/products/kikkoman-sweet-soy-sauce-250ml,Tjin's Toko,"Kikkoman Kikkoman Sushi &amp; Sashimi Soy Sauce, 250ml",https://www.tjinstoko.eu/en/kikkoman-sushi-sashimi-soy-sauce-250ml.html,DIFFERENT
DIFFERENT,KIKKOMAN,Shilla Market,Kikkoman Sweet Soy Sauce 250ml,https://shillamarket.com/products/kikkoman-sweet-soy-sauce-250ml,Tjin's Toko,"Kikkoman Kikkoman Soy Sauce, 250ml",https://www.tjinstoko.eu/en/kikkoman-soy-sauce-250ml.html,DIFFERENT
DIFFERENT,KIKKOMAN,Shilla Market,Kikkoman Sweet Soy Sauce 250ml,https://shillamarket.com/products/kikkoman-sweet-soy-sauce-250ml,Toko Asia,KIKKOMAN SOY SAUCE 250 ML,https://www.tokoazia.nl/Kikkoman-Soy-Sauce-250-ml,DIFFERENT
DIFFERENT,KIKKOMAN,Shilla Market,Kikkoman Sweet Soy Sauce 250ml,https://shillamarket.com/products/kikkoman-sweet-soy-sauce-250ml,Toko Asia,KIKKOMAN TAMARI SOY SAUCE 250 ML,https://www.tokoazia.nl/Kikkoman-Tamari-Soy-Sauce-250-ml,DIFFERENT
DIFFERENT,KIKKOMAN,Shilla Market,Kikkoman Sweet Soy Sauce 250ml,https://shillamarket.com/products/kikkoman-sweet-soy-sauce-250ml,Toko Asia,KIKKOMAN PONZU LEMON SOY SAUCE 250 ML,https://www.tokoazia.nl/KIKKOMAN-PONZU-LEMON-SOY-SAUCE-250-ML,DIFFERENT
DIFFERENT,KIKKOMAN,Shilla Market,Kikkoman Tamari Shoyu Soy Sauce Gluten-Free 250ml,https://shillamarket.com/products/kikkoman-tamari-shoyu-250ml,Tjin's Toko,"Kikkoman Kikkoman Ponzu Citrus Soy Sauce, 250ml",https://www.tjinstoko.eu/en/kikkoman-ponzu-citrus-soy-sauce-250ml.html,DIFFERENT
DIFFERENT,KIKKOMAN,Shilla Market,Kikkoman Tamari Shoyu Soy Sauce Gluten-Free 250ml,https://shillamarket.com/products/kikkoman-tamari-shoyu-250ml,Tjin's Toko,"Kikkoman Kikkoman Soy Sauce, 250ml",https://www.tjinstoko.eu/en/kikkoman-soy-sauce-250ml.html,DIFFERENT
DIFFERENT,KIKKOMAN,Shilla Market,Kikkoman Tamari Shoyu Soy Sauce Gluten-Free 250ml,https://shillamarket.com/products/kikkoman-tamari-shoyu-250ml,Tjin's Toko,"Kikkoman Kikkoman Sushi &amp; Sashimi Soy Sauce, 250ml",https://www.tjinstoko.eu/en/kikkoman-sushi-sashimi-soy-sauce-250ml.html,DIFFERENT
DIFFERENT,KIKKOMAN,Shilla Market,Kikkoman Tamari Shoyu Soy Sauce Gluten-Free 250ml,https://shillamarket.com/products/kikkoman-tamari-shoyu-250ml,Toko Gembira,Kikkoman Soja saus 250ml less salt,https://www.tokogembira.nl/nl/kikkoman-soja-saus-250ml.html,DIFFERENT
DIFFERENT,KIKKOMAN,Shilla Market,Kikkoman Tamari Shoyu Soy Sauce Gluten-Free 250ml,https://shillamarket.com/products/kikkoman-tamari-shoyu-250ml,Tjin's Toko,"Kikkoman Kikkoman Soy Sauce Less Salt, 250ml",https://www.tjinstoko.eu/en/kikkoman-soy-sauce-less-salt-250ml.html,DIFFERENT
DIFFERENT,KIKKOMAN,Shilla Market,Kikkoman Tamari Shoyu Soy Sauce Gluten-Free 250ml,https://shillamarket.com/products/kikkoman-tamari-shoyu-250ml,Toko Asia,KIKKOMAN PONZU LEMON SOY SAUCE 250 ML,https://www.tokoazia.nl/KIKKOMAN-PONZU-LEMON-SOY-SAUCE-250-ML,DIFFERENT
DIFFERENT,KIKKOMAN,Shilla Market,Kikkoman Tamari Shoyu Soy Sauce Gluten-Free 250ml,https://shillamarket.com/products/kikkoman-tamari-shoyu-250ml,Toko Asia,KIKKOMAN SOY SAUCE 250 ML,https://www.tokoazia.nl/Kikkoman-Soy-Sauce-250-ml,DIFFERENT
DIFFERENT,KIKKOMAN,Shilla Market,Kikkoman Tokusen Marudaizu Shoyu Soy Sauce 1L,https://shillamarket.com/products/tokusen-marudaizu-shoyu-1l,Toko Gembira,Kikkoman Soja Saus 1 liter less salt,https://www.tokogembira.nl/nl/kikkoman-soja-saus-1-liter.html,DIFFERENT
DIFFERENT,KIKKOMAN,Shilla Market,Kikkoman Tokusen Marudaizu Shoyu Soy Sauce 1L,https://shillamarket.com/products/tokusen-marudaizu-shoyu-1l,Toko Asia,KIKKOMAN SOY SAUCE GLUTEN FREE TAMARI 1LITER,https://www.tokoazia.nl/KIKKOMAN-SOY-SAUCE-GLUTEN-FREE-TAMARI-1LITER,DIFFERENT
DIFFERENT,KIKKOMAN,Shilla Market,Kikkoman Tokusen Marudaizu Shoyu Soy Sauce 1L,https://shillamarket.com/products/tokusen-marudaizu-shoyu-1l,Tjin's Toko,"Kikkoman Kikkoman Ponzu Soy Sauce, 1L",https://www.tjinstoko.eu/en/kikkoman-ponzu-soy-sauce-1l.html,DIFFERENT
DIFFERENT,KIKKOMAN,Shilla Market,Kikkoman Tokusen Marudaizu Shoyu Soy Sauce 1L,https://shillamarket.com/products/tokusen-marudaizu-shoyu-1l,Tjin's Toko,"Kikkoman Kikkoman Tamari, 1L",https://www.tjinstoko.eu/en/kikkoman-tamari-1l.html,DIFFERENT
DIFFERENT,KIKKOMAN,Shilla Market,Kikkoman Tokusen Marudaizu Shoyu Soy Sauce 1L,https://shillamarket.com/products/tokusen-marudaizu-shoyu-1l,Tjin's Toko,"Kikkoman Kikkoman Soy Sauce, 1L",https://www.tjinstoko.eu/en/kikkoman-soy-sauce-1l.html,DIFFERENT
DIFFERENT,KIKKOMAN,Shilla Market,Kikkoman Tokusen Yuki Organic Soy Sauce 500ml,https://shillamarket.com/products/tokusen-yuki-shoyu-500ml,Toko Gembira,Kikkoman Sojasaus 500 ml,https://www.tokogembira.nl/nl/kikkoman-sojasaus-500-ml.html,DIFFERENT
DIFFERENT,KIKKOMAN,Shilla Market,Kikkoman Tokusen Yuki Organic Soy Sauce 500ml,https://shillamarket.com/products/tokusen-yuki-shoyu-500ml,Toko Asia,KIKKOMAN SOY SAUCE 500 ML,https://www.tokoazia.nl/Kikkoman-Soy-Sauce-500-ml,DIFFERENT
DIFFERENT,KIKKOMAN,Tjin's Toko,"Kikkoman Kikkoman Less Salt Schenkfles, 150ml",https://www.tjinstoko.eu/en/kikkoman-less-salt-schenkfles-150ml.html,Toko Gembira,Tamari Gluten Free Soy Sauce 150ml - Kikkoman,https://www.tokogembira.nl/nl/tamari-gluten-free-soy-sauce-150ml-kikkoman.html,DIFFERENT
DIFFERENT,KIKKOMAN,Tjin's Toko,"Kikkoman Kikkoman Less Salt Schenkfles, 150ml",https://www.tjinstoko.eu/en/kikkoman-less-salt-schenkfles-150ml.html,Toko Asia,KIKKOMAN GLUTEN FREE SOJASAUS TAMARI 150ML,https://www.tokoazia.nl/KIKKOMAN-GLUTEN-FREE-SOJASAUS-TAMARI-150ML,DIFFERENT
DIFFERENT,KIKKOMAN,Tjin's Toko,"Kikkoman Kikkoman Less Salt Schenkfles, 150ml",https://www.tjinstoko.eu/en/kikkoman-less-salt-schenkfles-150ml.html,Toko Asia,KIKKOMAN BIO SOJASAUCE 150 ML,https://www.tokoazia.nl/KIKKOMAN-BIO-SOJASAUCE-150-ML,DIFFERENT
DIFFERENT,KIKKOMAN,Tjin's Toko,"Kikkoman Kikkoman Less Salt Schenkfles, 150ml",https://www.tjinstoko.eu/en/kikkoman-less-salt-schenkfles-150ml.html,Toko Asia,KIKKOMAN SOY SAUCE TAFELFLES 150 ML,https://www.tokoazia.nl/Kikkoman-Soja-Sauce-150-ml,DIFFERENT
DIFFERENT,KIKKOMAN,Tjin's Toko,"Kikkoman Kikkoman Ponzu Citrus Soy Sauce, 250ml",https://www.tjinstoko.eu/en/kikkoman-ponzu-citrus-soy-sauce-250ml.html,Toko Gembira,Kikkoman Soja saus 250ml less salt,https://www.tokogembira.nl/nl/kikkoman-soja-saus-250ml.html,DIFFERENT
DIFFERENT,KIKKOMAN,Tjin's Toko,"Kikkoman Kikkoman Ponzu Citrus Soy Sauce, 250ml",https://www.tjinstoko.eu/en/kikkoman-ponzu-citrus-soy-sauce-250ml.html,Toko Asia,KIKKOMAN SOY SAUCE 250 ML,https://www.tokoazia.nl/Kikkoman-Soy-Sauce-250-ml,DIFFERENT
DIFFERENT,KIKKOMAN,Tjin's Toko,"Kikkoman Kikkoman Ponzu Citrus Soy Sauce, 250ml",https://www.tjinstoko.eu/en/kikkoman-ponzu-citrus-soy-sauce-250ml.html,Toko Asia,KIKKOMAN TAMARI SOY SAUCE 250 ML,https://www.tokoazia.nl/Kikkoman-Tamari-Soy-Sauce-250-ml,DIFFERENT
DIFFERENT,KIKKOMAN,Tjin's Toko,"Kikkoman Kikkoman Ponzu Soy Sauce, 1L",https://www.tjinstoko.eu/en/kikkoman-ponzu-soy-sauce-1l.html,Toko Gembira,Kikkoman Soja Saus 1 liter less salt,https://www.tokogembira.nl/nl/kikkoman-soja-saus-1-liter.html,DIFFERENT
DIFFERENT,KIKKOMAN,Tjin's Toko,"Kikkoman Kikkoman Ponzu Soy Sauce, 1L",https://www.tjinstoko.eu/en/kikkoman-ponzu-soy-sauce-1l.html,Toko Gembira,Kikkoman sojasaus 1 L,https://www.tokogembira.nl/nl/kikkoman-sojasaus-1-l.html,DIFFERENT
DIFFERENT,KIKKOMAN,Tjin's Toko,"Kikkoman Kikkoman Ponzu Soy Sauce, 1L",https://www.tjinstoko.eu/en/kikkoman-ponzu-soy-sauce-1l.html,Toko Asia,KIKKOMAN SOY SAUCE GLUTEN FREE TAMARI 1LITER,https://www.tokoazia.nl/KIKKOMAN-SOY-SAUCE-GLUTEN-FREE-TAMARI-1LITER,DIFFERENT
DIFFERENT,KIKKOMAN,Tjin's Toko,"Kikkoman Kikkoman Soy Sauce Less Salt, 250ml",https://www.tjinstoko.eu/en/kikkoman-soy-sauce-less-salt-250ml.html,Toko Asia,KIKKOMAN PONZU LEMON SOY SAUCE 250 ML,https://www.tokoazia.nl/KIKKOMAN-PONZU-LEMON-SOY-SAUCE-250-ML,DIFFERENT
DIFFERENT,KIKKOMAN,Tjin's Toko,"Kikkoman Kikkoman Soy Sauce Less Salt, 250ml",https://www.tjinstoko.eu/en/kikkoman-soy-sauce-less-salt-250ml.html,Toko Asia,KIKKOMAN TAMARI SOY SAUCE 250 ML,https://www.tokoazia.nl/Kikkoman-Tamari-Soy-Sauce-250-ml,DIFFERENT
DIFFERENT,KIKKOMAN,Tjin's Toko,"Kikkoman Kikkoman Soy Sauce Less Salt, 250ml",https://www.tjinstoko.eu/en/kikkoman-soy-sauce-less-salt-250ml.html,Toko Asia,KIKKOMAN SOY SAUCE 250 ML,https://www.tokoazia.nl/Kikkoman-Soy-Sauce-250-ml,DIFFERENT
DIFFERENT,KIKKOMAN,Tjin's Toko,"Kikkoman Kikkoman Soy Sauce Pour Bottle, 150ml",https://www.tjinstoko.eu/en/kikkoman-soy-sauce-150ml.html,Toko Asia,KIKKOMAN GLUTEN FREE SOJASAUS TAMARI 150ML,https://www.tokoazia.nl/KIKKOMAN-GLUTEN-FREE-SOJASAUS-TAMARI-150ML,DIFFERENT
DIFFERENT,KIKKOMAN,Tjin's Toko,"Kikkoman Kikkoman Soy Sauce Pour Bottle, 150ml",https://www.tjinstoko.eu/en/kikkoman-soy-sauce-150ml.html,Toko Gembira,Soy Sauce 150ml less salt Kikkoman,https://www.tokogembira.nl/nl/soy-sauce-150ml-less-salt.html,DIFFERENT
DIFFERENT,KIKKOMAN,Tjin's Toko,"Kikkoman Kikkoman Soy Sauce Pour Bottle, 150ml",https://www.tjinstoko.eu/en/kikkoman-soy-sauce-150ml.html,Toko Gembira,Tamari Gluten Free Soy Sauce 150ml - Kikkoman,https://www.tokogembira.nl/nl/tamari-gluten-free-soy-sauce-150ml-kikkoman.html,DIFFERENT
DIFFERENT,KIKKOMAN,Tjin's Toko,"Kikkoman Kikkoman Soy Sauce Pour Bottle, 150ml",https://www.tjinstoko.eu/en/kikkoman-soy-sauce-150ml.html,Toko Asia,KIKKOMAN BIO SOJASAUCE 150 ML,https://www.tokoazia.nl/KIKKOMAN-BIO-SOJASAUCE-150-ML,DIFFERENT
DIFFERENT,KIKKOMAN,Tjin's Toko,"Kikkoman Kikkoman Soy Sauce Pour Bottle, 150ml",https://www.tjinstoko.eu/en/kikkoman-soy-sauce-150ml.html,Toko Asia,KIKKOMAN LESS SALT SOY SAUCE 150 ML,https://www.tokoazia.nl/Kikkoman-Less-Salt-Soy-Sauce-150-ml,DIFFERENT
DIFFERENT,KIKKOMAN,Tjin's Toko,"Kikkoman Kikkoman Soy Sauce, 1L",https://www.tjinstoko.eu/en/kikkoman-soy-sauce-1l.html,Toko Gembira,Kikkoman Soja Saus 1 liter less salt,https://www.tokogembira.nl/nl/kikkoman-soja-saus-1-liter.html,DIFFERENT
DIFFERENT,KIKKOMAN,Tjin's Toko,"Kikkoman Kikkoman Soy Sauce, 1L",https://www.tjinstoko.eu/en/kikkoman-soy-sauce-1l.html,Toko Asia,KIKKOMAN SOY SAUCE GLUTEN FREE TAMARI 1LITER,https://www.tokoazia.nl/KIKKOMAN-SOY-SAUCE-GLUTEN-FREE-TAMARI-1LITER,DIFFERENT
DIFFERENT,KIKKOMAN,Tjin's Toko,"Kikkoman Kikkoman Soy Sauce, 250ml",https://www.tjinstoko.eu/en/kikkoman-soy-sauce-250ml.html,Toko Asia,KIKKOMAN PONZU LEMON SOY SAUCE 250 ML,https://www.tokoazia.nl/KIKKOMAN-PONZU-LEMON-SOY-SAUCE-250-ML,DIFFERENT
DIFFERENT,KIKKOMAN,Tjin's Toko,"Kikkoman Kikkoman Soy Sauce, 250ml",https://www.tjinstoko.eu/en/kikkoman-soy-sauce-250ml.html,Toko Gembira,Kikkoman Soja saus 250ml less salt,https://www.tokogembira.nl/nl/kikkoman-soja-saus-250ml.html,DIFFERENT
DIFFERENT,KIKKOMAN,Tjin's Toko,"Kikkoman Kikkoman Soy Sauce, 250ml",https://www.tjinstoko.eu/en/kikkoman-soy-sauce-250ml.html,Toko Asia,KIKKOMAN TAMARI SOY SAUCE 250 ML,https://www.tokoazia.nl/Kikkoman-Tamari-Soy-Sauce-250-ml,DIFFERENT
DIFFERENT,KIKKOMAN,Tjin's Toko,"Kikkoman Kikkoman Sushi &amp; Sashimi Soy Sauce, 250ml",https://www.tjinstoko.eu/en/kikkoman-sushi-sashimi-soy-sauce-250ml.html,Toko Asia,KIKKOMAN TAMARI SOY SAUCE 250 ML,https://www.tokoazia.nl/Kikkoman-Tamari-Soy-Sauce-250-ml,DIFFERENT
DIFFERENT,KIKKOMAN,Tjin's Toko,"Kikkoman Kikkoman Sushi &amp; Sashimi Soy Sauce, 250ml",https://www.tjinstoko.eu/en/kikkoman-sushi-sashimi-soy-sauce-250ml.html,Toko Gembira,Kikkoman Soja saus 250ml less salt,https://www.tokogembira.nl/nl/kikkoman-soja-saus-250ml.html,DIFFERENT
DIFFERENT,KIKKOMAN,Tjin's Toko,"Kikkoman Kikkoman Sushi &amp; Sashimi Soy Sauce, 250ml",https://www.tjinstoko.eu/en/kikkoman-sushi-sashimi-soy-sauce-250ml.html,Toko Asia,KIKKOMAN PONZU LEMON SOY SAUCE 250 ML,https://www.tokoazia.nl/KIKKOMAN-PONZU-LEMON-SOY-SAUCE-250-ML,DIFFERENT
DIFFERENT,KIKKOMAN,Tjin's Toko,"Kikkoman Kikkoman Tamari Soy Sauce, 150ml",https://www.tjinstoko.eu/en/kikkoman-tamari-sojasaus-150ml.html,Toko Gembira,Soy Sauce 150ml less salt Kikkoman,https://www.tokogembira.nl/nl/soy-sauce-150ml-less-salt.html,DIFFERENT
DIFFERENT,KIKKOMAN,Tjin's Toko,"Kikkoman Kikkoman Tamari Soy Sauce, 150ml",https://www.tjinstoko.eu/en/kikkoman-tamari-sojasaus-150ml.html,Toko Gembira,Tamari Gluten Free Soy Sauce 150ml - Kikkoman,https://www.tokogembira.nl/nl/tamari-gluten-free-soy-sauce-150ml-kikkoman.html,DIFFERENT
DIFFERENT,KIKKOMAN,Tjin's Toko,"Kikkoman Kikkoman Tamari Soy Sauce, 150ml",https://www.tjinstoko.eu/en/kikkoman-tamari-sojasaus-150ml.html,Toko Asia,KIKKOMAN SOY SAUCE TAFELFLES 150 ML,https://www.tokoazia.nl/Kikkoman-Soja-Sauce-150-ml,DIFFERENT
DIFFERENT,KIKKOMAN,Tjin's Toko,"Kikkoman Kikkoman Tamari Soy Sauce, 150ml",https://www.tjinstoko.eu/en/kikkoman-tamari-sojasaus-150ml.html,Toko Asia,KIKKOMAN BIO SOJASAUCE 150 ML,https://www.tokoazia.nl/KIKKOMAN-BIO-SOJASAUCE-150-ML,DIFFERENT
DIFFERENT,KIKKOMAN,Tjin's Toko,"Kikkoman Kikkoman Tamari Soy Sauce, 150ml",https://www.tjinstoko.eu/en/kikkoman-tamari-sojasaus-150ml.html,Toko Asia,KIKKOMAN LESS SALT SOY SAUCE 150 ML,https://www.tokoazia.nl/Kikkoman-Less-Salt-Soy-Sauce-150-ml,DIFFERENT
DIFFERENT,KIKKOMAN,Tjin's Toko,"Kikkoman Kikkoman Tamari Soy Sauce, 250ml",https://www.tjinstoko.eu/en/kikkoman-tamari-soy-sauce-250ml.html,Toko Asia,KIKKOMAN SOY SAUCE 250 ML,https://www.tokoazia.nl/Kikkoman-Soy-Sauce-250-ml,DIFFERENT
DIFFERENT,KIKKOMAN,Tjin's Toko,"Kikkoman Kikkoman Tamari Soy Sauce, 250ml",https://www.tjinstoko.eu/en/kikkoman-tamari-soy-sauce-250ml.html,Toko Gembira,Kikkoman Soja saus 250ml less salt,https://www.tokogembira.nl/nl/kikkoman-soja-saus-250ml.html,DIFFERENT
DIFFERENT,KIKKOMAN,Tjin's Toko,"Kikkoman Kikkoman Tamari Soy Sauce, 250ml",https://www.tjinstoko.eu/en/kikkoman-tamari-soy-sauce-250ml.html,Toko Asia,KIKKOMAN PONZU LEMON SOY SAUCE 250 ML,https://www.tokoazia.nl/KIKKOMAN-PONZU-LEMON-SOY-SAUCE-250-ML,DIFFERENT
DIFFERENT,KIKKOMAN,Tjin's Toko,"Kikkoman Kikkoman Tamari, 1L",https://www.tjinstoko.eu/en/kikkoman-tamari-1l.html,Toko Asia,KIKKOMAN SOY SAUCE GLUTEN FREE TAMARI 1LITER,https://www.tokoazia.nl/KIKKOMAN-SOY-SAUCE-GLUTEN-FREE-TAMARI-1LITER,DIFFERENT
DIFFERENT,KIKKOMAN,Tjin's Toko,"Kikkoman Kikkoman Tamari, 1L",https://www.tjinstoko.eu/en/kikkoman-tamari-1l.html,Toko Gembira,Kikkoman sojasaus 1 L,https://www.tokogembira.nl/nl/kikkoman-sojasaus-1-l.html,DIFFERENT
DIFFERENT,KIKKOMAN,Tjin's Toko,"Kikkoman Kikkoman Tamari, 1L",https://www.tjinstoko.eu/en/kikkoman-tamari-1l.html,Toko Asia,KIKKOMAN SOY SAUCE 1 LITER,https://www.tokoazia.nl/Kikkoman-Soy-Sauce-1-Liter,DIFFERENT
DIFFERENT,KIKKOMAN,Tjin's Toko,"Kikkoman Kikkoman Tamari, 1L",https://www.tjinstoko.eu/en/kikkoman-tamari-1l.html,Toko Gembira,Kikkoman Soja Saus 1 liter less salt,https://www.tokogembira.nl/nl/kikkoman-soja-saus-1-liter.html,DIFFERENT
DIFFERENT,KIKKOMAN,Tjin's Toko,"Kikkoman Kikkoman Tokusen Marudaizu Shoyu, 1L",https://www.tjinstoko.eu/en/kikkoman-tokusen-marudaizu-shoyu-1l.html,Toko Gembira,Kikkoman Soja Saus 1 liter less salt,https://www.tokogembira.nl/nl/kikkoman-soja-saus-1-liter.html,DIFFERENT
DIFFERENT,KIKKOMAN,Tjin's Toko,"Kikkoman Kikkoman Tokusen Marudaizu Shoyu, 1L",https://www.tjinstoko.eu/en/kikkoman-tokusen-marudaizu-shoyu-1l.html,Toko Gembira,Kikkoman sojasaus 1 L,https://www.tokogembira.nl/nl/kikkoman-sojasaus-1-l.html,DIFFERENT
DIFFERENT,KIKKOMAN,Tjin's Toko,"Kikkoman Kikkoman Tokusen Marudaizu Shoyu, 1L",https://www.tjinstoko.eu/en/kikkoman-tokusen-marudaizu-shoyu-1l.html,Toko Asia,KIKKOMAN SOY SAUCE GLUTEN FREE TAMARI 1LITER,https://www.tokoazia.nl/KIKKOMAN-SOY-SAUCE-GLUTEN-FREE-TAMARI-1LITER,DIFFERENT
DIFFERENT,KIKKOMAN,Toko Asia,KIKKOMAN BIO SOJASAUCE 150 ML,https://www.tokoazia.nl/KIKKOMAN-BIO-SOJASAUCE-150-ML,Toko Gembira,Soy Sauce 150ml less salt Kikkoman,https://www.tokogembira.nl/nl/soy-sauce-150ml-less-salt.html,DIFFERENT
DIFFERENT,KIKKOMAN,Toko Asia,KIKKOMAN BIO SOJASAUCE 150 ML,https://www.tokoazia.nl/KIKKOMAN-BIO-SOJASAUCE-150-ML,Toko Gembira,Tamari Gluten Free Soy Sauce 150ml - Kikkoman,https://www.tokogembira.nl/nl/tamari-gluten-free-soy-sauce-150ml-kikkoman.html,DIFFERENT
DIFFERENT,KIKKOMAN,Toko Asia,KIKKOMAN GLUTEN FREE SOJASAUS TAMARI 150ML,https://www.tokoazia.nl/KIKKOMAN-GLUTEN-FREE-SOJASAUS-TAMARI-150ML,Toko Gembira,Soy Sauce 150ml less salt Kikkoman,https://www.tokogembira.nl/nl/soy-sauce-150ml-less-salt.html,DIFFERENT
DIFFERENT,KIKKOMAN,Toko Asia,KIKKOMAN LESS SALT SOY SAUCE 150 ML,https://www.tokoazia.nl/Kikkoman-Less-Salt-Soy-Sauce-150-ml,Toko Gembira,Tamari Gluten Free Soy Sauce 150ml - Kikkoman,https://www.tokogembira.nl/nl/tamari-gluten-free-soy-sauce-150ml-kikkoman.html,DIFFERENT
DIFFERENT,KIKKOMAN,Toko Asia,KIKKOMAN PONZU LEMON SOY SAUCE 250 ML,https://www.tokoazia.nl/KIKKOMAN-PONZU-LEMON-SOY-SAUCE-250-ML,Toko Gembira,Kikkoman Soja saus 250ml less salt,https://www.tokogembira.nl/nl/kikkoman-soja-saus-250ml.html,DIFFERENT
DIFFERENT,KIKKOMAN,Toko Asia,KIKKOMAN SOY SAUCE 1 LITER,https://www.tokoazia.nl/Kikkoman-Soy-Sauce-1-Liter,Toko Gembira,Kikkoman Soja Saus 1 liter less salt,https://www.tokogembira.nl/nl/kikkoman-soja-saus-1-liter.html,DIFFERENT
DIFFERENT,KIKKOMAN,Toko Asia,KIKKOMAN SOY SAUCE 250 ML,https://www.tokoazia.nl/Kikkoman-Soy-Sauce-250-ml,Toko Gembira,Kikkoman Soja saus 250ml less salt,https://www.tokogembira.nl/nl/kikkoman-soja-saus-250ml.html,DIFFERENT
DIFFERENT,KIKKOMAN,Toko Asia,KIKKOMAN SOY SAUCE GLUTEN FREE TAMARI 1LITER,https://www.tokoazia.nl/KIKKOMAN-SOY-SAUCE-GLUTEN-FREE-TAMARI-1LITER,Toko Gembira,Kikkoman Soja Saus 1 liter less salt,https://www.tokogembira.nl/nl/kikkoman-soja-saus-1-liter.html,DIFFERENT
DIFFERENT,KIKKOMAN,Toko Asia,KIKKOMAN SOY SAUCE GLUTEN FREE TAMARI 1LITER,https://www.tokoazia.nl/KIKKOMAN-SOY-SAUCE-GLUTEN-FREE-TAMARI-1LITER,Toko Gembira,Kikkoman sojasaus 1 L,https://www.tokogembira.nl/nl/kikkoman-sojasaus-1-l.html,DIFFERENT
DIFFERENT,KIKKOMAN,Toko Asia,KIKKOMAN SOY SAUCE TAFELFLES 150 ML,https://www.tokoazia.nl/Kikkoman-Soja-Sauce-150-ml,Toko Gembira,Tamari Gluten Free Soy Sauce 150ml - Kikkoman,https://www.tokogembira.nl/nl/tamari-gluten-free-soy-sauce-150ml-kikkoman.html,DIFFERENT
DIFFERENT,KIKKOMAN,Toko Asia,KIKKOMAN SOY SAUCE TAFELFLES 150 ML,https://www.tokoazia.nl/Kikkoman-Soja-Sauce-150-ml,Toko Gembira,Soy Sauce 150ml less salt Kikkoman,https://www.tokogembira.nl/nl/soy-sauce-150ml-less-salt.html,DIFFERENT
DIFFERENT,KIKKOMAN,Toko Asia,KIKKOMAN TAMARI SOY SAUCE 250 ML,https://www.tokoazia.nl/Kikkoman-Tamari-Soy-Sauce-250-ml,Toko Gembira,Kikkoman Soja saus 250ml less salt,https://www.tokogembira.nl/nl/kikkoman-soja-saus-250ml.html,DIFFERENT
DIFFERENT,LEE KUM KEE,ACE Market,LEE KUM KEE Premium Dark Soy Sauce 500ml,https://acemarket.nl/product/lee-kum-kee-premium-dark-soy-sauce-medium-500ml/,Toko Asia,LEE KUM KEE PREMIUM LIGHT SOY SAUCE 500 ML,https://www.tokoazia.nl/LKK-Premium-Light-Soy-Sauce-500-ml,DIFFERENT
DIFFERENT,LEE KUM KEE,ACE Market,LEE KUM KEE Premium Dark Soy Sauce 500ml,https://acemarket.nl/product/lee-kum-kee-premium-dark-soy-sauce-medium-500ml/,Tjin's Toko,"Lee Kum Kee Lee Kum Kee Premium Light Soy Sauce, 500ml",https://www.tjinstoko.eu/en/lee-kum-kee-premium-light-soy-sauce-500ml.html,DIFFERENT
DIFFERENT,LEE KUM KEE,ACE Market,LEE KUM KEE Premium Dark Soy Sauce 500ml,https://acemarket.nl/product/lee-kum-kee-premium-dark-soy-sauce-medium-500ml/,Tjin's Toko,"Lee Kum Kee Lee Kum Kee Double Deluxe Soy Sauce, 500ml",https://www.tjinstoko.eu/en/lee-kum-kee-double-deluxe-soy-sauce-500ml.html,DIFFERENT
DIFFERENT,LEE KUM KEE,ACE Market,LEE KUM KEE Premium Dark Soy Sauce 500ml,https://acemarket.nl/product/lee-kum-kee-premium-dark-soy-sauce-medium-500ml/,Dun Yong,Double Deluxe Soy Sauce (Lee Kum Kee) 500ml,https://dunyong.com/products/double-deluxe-soy-sauce-lee-kum-kee-500ml,DIFFERENT
DIFFERENT,LEE KUM KEE,ACE Market,LEE KUM KEE Premium Light Soy Sauce 150ml,https://acemarket.nl/product/lee-kum-kee-premium-light-soy-sauce-small-150ml/,Toko Gembira,Gyoza Sauce 150ml Lee Kum Kee,https://www.tokogembira.nl/nl/gyoza-sauce-150ml-lee-kum-kee.html,DIFFERENT
DIFFERENT,LEE KUM KEE,ACE Market,LEE KUM KEE Premium Light Soy Sauce 150ml,https://acemarket.nl/product/lee-kum-kee-premium-light-soy-sauce-small-150ml/,Tjin's Toko,"Lee Kum Kee Lee Kum Kee Double Deluxe Soy Sauce, 150ml",https://www.tjinstoko.eu/en/lee-kum-kee-double-deluxe-soy-sauce-150ml.html,DIFFERENT
DIFFERENT,LEE KUM KEE,ACE Market,LEE KUM KEE Premium Light Soy Sauce 150ml,https://acemarket.nl/product/lee-kum-kee-premium-light-soy-sauce-small-150ml/,Tjin's Toko,"Lee Kum Kee Lee Kum Kee Premium Dark Soy Sauce, 150ml",https://www.tjinstoko.eu/en/lee-kum-kee-premium-dark-soy-sauce-150ml.html,DIFFERENT
DIFFERENT,LEE KUM KEE,Dun Yong,Double Deluxe Soy Sauce (Lee Kum Kee) 500ml,https://dunyong.com/products/double-deluxe-soy-sauce-lee-kum-kee-500ml,Tjin's Toko,"Lee Kum Kee Lee Kum Kee Premium Light Soy Sauce, 500ml",https://www.tjinstoko.eu/en/lee-kum-kee-premium-light-soy-sauce-500ml.html,DIFFERENT
DIFFERENT,LEE KUM KEE,Dun Yong,Double Deluxe Soy Sauce (Lee Kum Kee) 500ml,https://dunyong.com/products/double-deluxe-soy-sauce-lee-kum-kee-500ml,Tjin's Toko,"Lee Kum Kee Lee Kum Kee Premium Dark Soy Sauce, 500ml",https://www.tjinstoko.eu/en/lee-kum-kee-premium-dark-soy-sauce-500ml.html,DIFFERENT
DIFFERENT,LEE KUM KEE,Dun Yong,Double Deluxe Soy Sauce (Lee Kum Kee) 500ml,https://dunyong.com/products/double-deluxe-soy-sauce-lee-kum-kee-500ml,Toko Asia,LEE KUM KEE PREMIUM DARK SOY SAUCE 500 ML,https://www.tokoazia.nl/LKK-Premium-Dark-Soy-Sauce-500-ml,DIFFERENT
DIFFERENT,LEE KUM KEE,Dun Yong,Double Deluxe Soy Sauce (Lee Kum Kee) 500ml,https://dunyong.com/products/double-deluxe-soy-sauce-lee-kum-kee-500ml,Toko Asia,LEE KUM KEE PREMIUM LIGHT SOY SAUCE 500 ML,https://www.tokoazia.nl/LKK-Premium-Light-Soy-Sauce-500-ml,DIFFERENT
DIFFERENT,LEE KUM KEE,Tjin's Toko,"Lee Kum Kee Lee Kum Kee Double Deluxe Soy Sauce, 150ml",https://www.tjinstoko.eu/en/lee-kum-kee-double-deluxe-soy-sauce-150ml.html,Toko Gembira,Gyoza Sauce 150ml Lee Kum Kee,https://www.tokogembira.nl/nl/gyoza-sauce-150ml-lee-kum-kee.html,DIFFERENT
DIFFERENT,LEE KUM KEE,Tjin's Toko,"Lee Kum Kee Lee Kum Kee Double Deluxe Soy Sauce, 500ml",https://www.tjinstoko.eu/en/lee-kum-kee-double-deluxe-soy-sauce-500ml.html,Toko Asia,LEE KUM KEE PREMIUM DARK SOY SAUCE 500 ML,https://www.tokoazia.nl/LKK-Premium-Dark-Soy-Sauce-500-ml,DIFFERENT
DIFFERENT,LEE KUM KEE,Tjin's Toko,"Lee Kum Kee Lee Kum Kee Double Deluxe Soy Sauce, 500ml",https://www.tjinstoko.eu/en/lee-kum-kee-double-deluxe-soy-sauce-500ml.html,Toko Asia,LEE KUM KEE PREMIUM LIGHT SOY SAUCE 500 ML,https://www.tokoazia.nl/LKK-Premium-Light-Soy-Sauce-500-ml,DIFFERENT
DIFFERENT,LEE KUM KEE,Tjin's Toko,"Lee Kum Kee Lee Kum Kee Premium Dark Soy Sauce, 150ml",https://www.tjinstoko.eu/en/lee-kum-kee-premium-dark-soy-sauce-150ml.html,Toko Gembira,Gyoza Sauce 150ml Lee Kum Kee,https://www.tokogembira.nl/nl/gyoza-sauce-150ml-lee-kum-kee.html,DIFFERENT
DIFFERENT,LEE KUM KEE,Tjin's Toko,"Lee Kum Kee Lee Kum Kee Premium Dark Soy Sauce, 500ml",https://www.tjinstoko.eu/en/lee-kum-kee-premium-dark-soy-sauce-500ml.html,Toko Asia,LEE KUM KEE PREMIUM LIGHT SOY SAUCE 500 ML,https://www.tokoazia.nl/LKK-Premium-Light-Soy-Sauce-500-ml,DIFFERENT
DIFFERENT,LEE KUM KEE,Tjin's Toko,"Lee Kum Kee Lee Kum Kee Premium Light Soy Sauce, 150ml",https://www.tjinstoko.eu/en/lee-kum-kee-premium-light-soy-sauce-150ml.html,Toko Gembira,Gyoza Sauce 150ml Lee Kum Kee,https://www.tokogembira.nl/nl/gyoza-sauce-150ml-lee-kum-kee.html,DIFFERENT
DIFFERENT,LEE KUM KEE,Tjin's Toko,"Lee Kum Kee Lee Kum Kee Premium Light Soy Sauce, 500ml",https://www.tjinstoko.eu/en/lee-kum-kee-premium-light-soy-sauce-500ml.html,Toko Asia,LEE KUM KEE PREMIUM DARK SOY SAUCE 500 ML,https://www.tokoazia.nl/LKK-Premium-Dark-Soy-Sauce-500-ml,DIFFERENT
DIFFERENT,PEARL RIVER BRIDGE,ACE Market,PEARL RIVER BRIDGE Light Soy Sauce Large 500ml,https://acemarket.nl/product/pearl-river-bridge-light-soy-sauce-large-500ml/,Tjin's Toko,"Pearl River Bridge Pearl River Bridge Soy Sauce Gold Label, 500ml",https://www.tjinstoko.eu/en/pearl-river-bridge-soy-sauce-gold-label-500ml.html,DIFFERENT
DIFFERENT,PEARL RIVER BRIDGE,ACE Market,PEARL RIVER BRIDGE Light Soy Sauce Large 500ml,https://acemarket.nl/product/pearl-river-bridge-light-soy-sauce-large-500ml/,Tjin's Toko,"Pearl River Bridge Pearl River Bridge Mushroom Soy Sauce, 500ml",https://www.tjinstoko.eu/en/pearl-river-bridge-mushroom-soy-500ml.html,DIFFERENT
DIFFERENT,PEARL RIVER BRIDGE,ACE Market,PEARL RIVER BRIDGE Light Soy Sauce Large 500ml,https://acemarket.nl/product/pearl-river-bridge-light-soy-sauce-large-500ml/,Tjin's Toko,"Pearl River Bridge Pearl River Bridge Dark Soy Sauce, 500ml",https://www.tjinstoko.eu/en/pearl-river-bridge-dark-soy-sauce-500ml.html,DIFFERENT
DIFFERENT,PEARL RIVER BRIDGE,ACE Market,PEARL RIVER BRIDGE Light Soy Sauce Large 500ml,https://acemarket.nl/product/pearl-river-bridge-light-soy-sauce-large-500ml/,Dun Yong,Superior Dark Soy Sauce (Pearl River Bridge) 500ml,https://dunyong.com/products/superior-dark-soy-sauce-pearl-river-bridge-500ml,DIFFERENT
DIFFERENT,PEARL RIVER BRIDGE,ACE Market,PEARL RIVER BRIDGE Light Soy Sauce Large 500ml,https://acemarket.nl/product/pearl-river-bridge-light-soy-sauce-large-500ml/,Toko Gembira,Dark Soy Sauce 500ml - Pearl River Bridge,https://www.tokogembira.nl/nl/superieure-donkere-sojasaus-500ml.html,DIFFERENT
DIFFERENT,PEARL RIVER BRIDGE,Dun Yong,Superior Dark Soy Sauce (Pearl River Bridge) 150ml,https://dunyong.com/products/superior-dark-soy-sauce-pearl-river-bridge-150ml,Toko Gembira,mushroom dark soy sauce 150ml pearl river bridge,https://www.tokogembira.nl/nl/mushroom-dark-soy-sauce-150ml-pearl-river-bridge.html,DIFFERENT
DIFFERENT,PEARL RIVER BRIDGE,Dun Yong,Superior Dark Soy Sauce (Pearl River Bridge) 150ml,https://dunyong.com/products/superior-dark-soy-sauce-pearl-river-bridge-150ml,Toko Gembira,Light Soy Sauce 150 ml Pearl River Bridge,https://www.tokogembira.nl/nl/light-soja-saus-150-ml.html,DIFFERENT
DIFFERENT,PEARL RIVER BRIDGE,Dun Yong,Superior Dark Soy Sauce (Pearl River Bridge) 150ml,https://dunyong.com/products/superior-dark-soy-sauce-pearl-river-bridge-150ml,Tjin's Toko,"Pearl River Bridge Pearl River Bridge Mushroom Soy Sauce, 150ml",https://www.tjinstoko.eu/en/pearl-river-bridge-mushroom-soy-150ml.html,DIFFERENT
DIFFERENT,PEARL RIVER BRIDGE,Dun Yong,Superior Dark Soy Sauce (Pearl River Bridge) 150ml,https://dunyong.com/products/superior-dark-soy-sauce-pearl-river-bridge-150ml,Tjin's Toko,"Pearl River Bridge Pearl River Bridge Light Soy Sauce, 150ml",https://www.tjinstoko.eu/en/pearl-river-bridge-light-soy-sauce-150ml.html,DIFFERENT
DIFFERENT,PEARL RIVER BRIDGE,Dun Yong,Superior Dark Soy Sauce (Pearl River Bridge) 500ml,https://dunyong.com/products/superior-dark-soy-sauce-pearl-river-bridge-500ml,Tjin's Toko,"Pearl River Bridge Pearl River Bridge Mushroom Soy Sauce, 500ml",https://www.tjinstoko.eu/en/pearl-river-bridge-mushroom-soy-500ml.html,DIFFERENT
DIFFERENT,PEARL RIVER BRIDGE,Dun Yong,Superior Dark Soy Sauce (Pearl River Bridge) 500ml,https://dunyong.com/products/superior-dark-soy-sauce-pearl-river-bridge-500ml,Tjin's Toko,"Pearl River Bridge Pearl River Bridge Soy Sauce Gold Label, 500ml",https://www.tjinstoko.eu/en/pearl-river-bridge-soy-sauce-gold-label-500ml.html,DIFFERENT
DIFFERENT,PEARL RIVER BRIDGE,Dun Yong,Superior Dark Soy Sauce (Pearl River Bridge) 500ml,https://dunyong.com/products/superior-dark-soy-sauce-pearl-river-bridge-500ml,Tjin's Toko,"Pearl River Bridge Pearl River Bridge Light Soy Sauce, 500ml",https://www.tjinstoko.eu/en/pearl-river-bridge-light-soy-sauce-500ml.html,DIFFERENT
DIFFERENT,PEARL RIVER BRIDGE,Dun Yong,Superior Light Soy Sauce (Pearl River Bridge) 150ml,https://dunyong.com/products/superior-light-soy-sauce-pearl-river-bridge-150ml,Tjin's Toko,"Pearl River Bridge Pearl River Bridge Dark Soy Sauce, 150ml",https://www.tjinstoko.eu/en/pearl-river-bridge-dark-soy-sauce-150ml.html,DIFFERENT
DIFFERENT,PEARL RIVER BRIDGE,Dun Yong,Superior Light Soy Sauce (Pearl River Bridge) 150ml,https://dunyong.com/products/superior-light-soy-sauce-pearl-river-bridge-150ml,Tjin's Toko,"Pearl River Bridge Pearl River Bridge Mushroom Soy Sauce, 150ml",https://www.tjinstoko.eu/en/pearl-river-bridge-mushroom-soy-150ml.html,DIFFERENT
DIFFERENT,PEARL RIVER BRIDGE,Dun Yong,Superior Light Soy Sauce (Pearl River Bridge) 150ml,https://dunyong.com/products/superior-light-soy-sauce-pearl-river-bridge-150ml,Toko Gembira,mushroom dark soy sauce 150ml pearl river bridge,https://www.tokogembira.nl/nl/mushroom-dark-soy-sauce-150ml-pearl-river-bridge.html,DIFFERENT
DIFFERENT,PEARL RIVER BRIDGE,Dun Yong,Superior Light Soy Sauce (Pearl River Bridge) 500ml,https://dunyong.com/products/superior-light-soy-sauce-pearl-river-bridge-500ml,Tjin's Toko,"Pearl River Bridge Pearl River Bridge Dark Soy Sauce, 500ml",https://www.tjinstoko.eu/en/pearl-river-bridge-dark-soy-sauce-500ml.html,DIFFERENT
DIFFERENT,PEARL RIVER BRIDGE,Dun Yong,Superior Light Soy Sauce (Pearl River Bridge) 500ml,https://dunyong.com/products/superior-light-soy-sauce-pearl-river-bridge-500ml,Tjin's Toko,"Pearl River Bridge Pearl River Bridge Soy Sauce Gold Label, 500ml",https://www.tjinstoko.eu/en/pearl-river-bridge-soy-sauce-gold-label-500ml.html,DIFFERENT
DIFFERENT,PEARL RIVER BRIDGE,Dun Yong,Superior Light Soy Sauce (Pearl River Bridge) 500ml,https://dunyong.com/products/superior-light-soy-sauce-pearl-river-bridge-500ml,Toko Gembira,Dark Soy Sauce 500ml - Pearl River Bridge,https://www.tokogembira.nl/nl/superieure-donkere-sojasaus-500ml.html,DIFFERENT
DIFFERENT,PEARL RIVER BRIDGE,Dun Yong,Superior Light Soy Sauce (Pearl River Bridge) 500ml,https://dunyong.com/products/superior-light-soy-sauce-pearl-river-bridge-500ml,Tjin's Toko,"Pearl River Bridge Pearl River Bridge Mushroom Soy Sauce, 500ml",https://www.tjinstoko.eu/en/pearl-river-bridge-mushroom-soy-500ml.html,DIFFERENT
DIFFERENT,PEARL RIVER BRIDGE,Tjin's Toko,"Pearl River Bridge Pearl River Bridge Dark Soy Sauce, 150ml",https://www.tjinstoko.eu/en/pearl-river-bridge-dark-soy-sauce-150ml.html,Toko Gembira,Light Soy Sauce 150 ml Pearl River Bridge,https://www.tokogembira.nl/nl/light-soja-saus-150-ml.html,DIFFERENT
DIFFERENT,PEARL RIVER BRIDGE,Tjin's Toko,"Pearl River Bridge Pearl River Bridge Light Soy Sauce, 150ml",https://www.tjinstoko.eu/en/pearl-river-bridge-light-soy-sauce-150ml.html,Toko Gembira,mushroom dark soy sauce 150ml pearl river bridge,https://www.tokogembira.nl/nl/mushroom-dark-soy-sauce-150ml-pearl-river-bridge.html,DIFFERENT
DIFFERENT,PEARL RIVER BRIDGE,Tjin's Toko,"Pearl River Bridge Pearl River Bridge Light Soy Sauce, 500ml",https://www.tjinstoko.eu/en/pearl-river-bridge-light-soy-sauce-500ml.html,Toko Gembira,Dark Soy Sauce 500ml - Pearl River Bridge,https://www.tokogembira.nl/nl/superieure-donkere-sojasaus-500ml.html,DIFFERENT
DIFFERENT,PEARL RIVER BRIDGE,Tjin's Toko,"Pearl River Bridge Pearl River Bridge Mushroom Soy Sauce, 150ml",https://www.tjinstoko.eu/en/pearl-river-bridge-mushroom-soy-150ml.html,Toko Gembira,Light Soy Sauce 150 ml Pearl River Bridge,https://www.tokogembira.nl/nl/light-soja-saus-150-ml.html,DIFFERENT
DIFFERENT,PEARL RIVER BRIDGE,Tjin's Toko,"Pearl River Bridge Pearl River Bridge Mushroom Soy Sauce, 500ml",https://www.tjinstoko.eu/en/pearl-river-bridge-mushroom-soy-500ml.html,Toko Gembira,Dark Soy Sauce 500ml - Pearl River Bridge,https://www.tokogembira.nl/nl/superieure-donkere-sojasaus-500ml.html,DIFFERENT
DIFFERENT,PEARL RIVER BRIDGE,Tjin's Toko,"Pearl River Bridge Pearl River Bridge Soy Sauce Gold Label, 500ml",https://www.tjinstoko.eu/en/pearl-river-bridge-soy-sauce-gold-label-500ml.html,Toko Gembira,Dark Soy Sauce 500ml - Pearl River Bridge,https://www.tokogembira.nl/nl/superieure-donkere-sojasaus-500ml.html,DIFFERENT
SAME,ABC,ACE Market,ABC Sweet Soy Sauce Kecap Manis 275ml,https://acemarket.nl/product/abc-sweet-soy-sauce-kecap-manis-275ml/,Tjin's Toko,"ABC ABC Ketjap Manis, 275ml",https://www.tjinstoko.eu/en/abc-kecap-manis-275ml.html,SAME
SAME,ABC,ACE Market,ABC Sweet Soy Sauce Kecap Manis 275ml,https://acemarket.nl/product/abc-sweet-soy-sauce-kecap-manis-275ml/,Toko Gembira,ABC Kecap Manis Zoet 275ml,https://www.tokogembira.nl/nl/abc-kecap-manis-zoet-275ml.html,SAME
SAME,KIKKOMAN,ACE Market,KIKKOMAN Less Salt Soy Sauce Large 975ml,https://acemarket.nl/product/kikkoman-less-salt-soy-sauce-large-975ml/,Toko Asia,KIKKOMAN LESS SALT SOY SAUCE 975 ML,https://www.tokoazia.nl/Kikkoman-Less-Salt-Soy-Sauce-1-Liter,SAME
SAME,KIKKOMAN,ACE Market,KIKKOMAN Less Salt Soy Sauce Large 975ml,https://acemarket.nl/product/kikkoman-less-salt-soy-sauce-large-975ml/,Tjin's Toko,"Kikkoman Kikkoman Soy Sauce Less Salt, 975ml",https://www.tjinstoko.eu/en/kikkoman-soy-sauce-less-salt-975ml.html,SAME
SAME,KIKKOMAN,ACE Market,KIKKOMAN Ponzu Soy Sauce 250ml,https://acemarket.nl/product/kikkoman-ponzu-soy-sauce-250ml/,Tjin's Toko,"Kikkoman Kikkoman Ponzu Citrus Soy Sauce, 250ml",https://www.tjinstoko.eu/en/kikkoman-ponzu-citrus-soy-sauce-250ml.html,SAME
SAME,KIKKOMAN,ACE Market,KIKKOMAN Soy Sauce Dispenser 150ml,https://acemarket.nl/product/kikkoman-soy-sauce-dispenser-150ml/,Toko Asia,KIKKOMAN SOY SAUCE TAFELFLES 150 ML,https://www.tokoazia.nl/Kikkoman-Soja-Sauce-150-ml,SAME
SAME,KIKKOMAN,ACE Market,KIKKOMAN Soy Sauce Dispenser 150ml,https://acemarket.nl/product/kikkoman-soy-sauce-dispenser-150ml/,Tjin's Toko,"Kikkoman Kikkoman Soy Sauce Pour Bottle, 150ml",https://www.tjinstoko.eu/en/kikkoman-soy-sauce-150ml.html,SAME
SAME,KIKKOMAN,ACE Market,KIKKOMAN Soy Sauce Dispenser 150ml,https://acemarket.nl/product/kikkoman-soy-sauce-dispenser-150ml/,Shilla Market,Kikkoman Koikuchi Shoyu Soy Sauce Table Dispenser 150ml,https://shillamarket.com/products/kikkoman-shoyu-table-dispenser-150ml,SAME
SAME,KIKKOMAN,ACE Market,KIKKOMAN Soy Sauce Japanese 500ml,https://acemarket.nl/product/kikkoman-soy-sauce-japanese-500ml/,Dun Yong,Naturally Brewed Soy Sauce (Kikkoman) 500ml,https://dunyong.com/products/naturally-brewed-soy-sauce-kikkoman-500ml,SAME
SAME,KIKKOMAN,ACE Market,KIKKOMAN Soy Sauce Japanese 500ml,https://acemarket.nl/product/kikkoman-soy-sauce-japanese-500ml/,Toko Gembira,Kikkoman Sojasaus 500 ml,https://www.tokogembira.nl/nl/kikkoman-sojasaus-500-ml.html,SAME
SAME,KIKKOMAN,ACE Market,KIKKOMAN Soy Sauce Japanese 500ml,https://acemarket.nl/product/kikkoman-soy-sauce-japanese-500ml/,Shilla Market,Kikkoman Koikuchi Shoyu Soy Sauce 500ml,https://shillamarket.com/products/kikkoman-koikuchi-shoyu-500ml,SAME
SAME,KIKKOMAN,ACE Market,KIKKOMAN Soy Sauce Japanese 500ml,https://acemarket.nl/product/kikkoman-soy-sauce-japanese-500ml/,Toko Asia,KIKKOMAN SOY SAUCE 500 ML,https://www.tokoazia.nl/Kikkoman-Soy-Sauce-500-ml,SAME
SAME,KIKKOMAN,ACE Market,KIKKOMAN Soy Sauce NL 1L,https://acemarket.nl/product/kikkoman-soy-sauce-nl-1l/,Tjin's Toko,"Kikkoman Kikkoman Soy Sauce, 1L",https://www.tjinstoko.eu/en/kikkoman-soy-sauce-1l.html,SAME
SAME,KIKKOMAN,ACE Market,KIKKOMAN Soy Sauce NL 1L,https://acemarket.nl/product/kikkoman-soy-sauce-nl-1l/,Toko Asia,KIKKOMAN SOY SAUCE 1 LITER,https://www.tokoazia.nl/Kikkoman-Soy-Sauce-1-Liter,SAME
SAME,KIKKOMAN,ACE Market,KIKKOMAN Soy Sauce NL 1L,https://acemarket.nl/product/kikkoman-soy-sauce-nl-1l/,Dun Yong,Shouyu Naturally Brewed Soy Sauce (Kikkoman) 1L,https://dunyong.com/products/shouyu-naturally-brewed-soy-sauce-kikkoman-1l,SAME
SAME,KIKKOMAN,ACE Market,KIKKOMAN Soy Sauce NL 1L,https://acemarket.nl/product/kikkoman-soy-sauce-nl-1l/,Shilla Market,Kikkoman Koikuchi Shoyu Soy Sauce 1L,https://shillamarket.com/products/koikuchi-shoyu-1l,SAME
SAME,KIKKOMAN,ACE Market,KIKKOMAN Soy Sauce NL 1L,https://acemarket.nl/product/kikkoman-soy-sauce-nl-1l/,Toko Gembira,Kikkoman sojasaus 1 L,https://www.tokogembira.nl/nl/kikkoman-sojasaus-1-l.html,SAME
SAME,KIKKOMAN,ACE Market,KIKKOMAN Tamari Gluten-Free Soy Sauce 1L,https://acemarket.nl/product/kikkoman-tamari-gluten-free-soya-sauce-1l/,Toko Asia,KIKKOMAN SOY SAUCE GLUTEN FREE TAMARI 1LITER,https://www.tokoazia.nl/KIKKOMAN-SOY-SAUCE-GLUTEN-FREE-TAMARI-1LITER,SAME
SAME,KIKKOMAN,Dun Yong,Naturally Brewed Less Salt Soy Sauce (Kikkoman) 1L,https://dunyong.com/products/naturally-brewed-less-salt-soy-sauce-kikkoman-1l,Toko Asia,KIKKOMAN SOY SAUCE 1 LITER,https://www.tokoazia.nl/Kikkoman-Soy-Sauce-1-Liter,DIFFERENT
SAME,KIKKOMAN,Dun Yong,Naturally Brewed Less Salt Soy Sauce (Kikkoman) 1L,https://dunyong.com/products/naturally-brewed-less-salt-soy-sauce-kikkoman-1l,Toko Gembira,Kikkoman Soja Saus 1 liter less salt,https://www.tokogembira.nl/nl/kikkoman-soja-saus-1-liter.html,SAME
SAME,KIKKOMAN,Dun Yong,Naturally Brewed Soy Sauce (Kikkoman) 500ml,https://dunyong.com/products/naturally-brewed-soy-sauce-kikkoman-500ml,Toko Asia,KIKKOMAN SOY SAUCE 500 ML,https://www.tokoazia.nl/Kikkoman-Soy-Sauce-500-ml,SAME
SAME,KIKKOMAN,Dun Yong,Naturally Brewed Soy Sauce (Kikkoman) 500ml,https://dunyong.com/products/naturally-brewed-soy-sauce-kikkoman-500ml,Toko Gembira,Kikkoman Sojasaus 500 ml,https://www.tokogembira.nl/nl/kikkoman-sojasaus-500-ml.html,SAME
SAME,KIKKOMAN,Dun Yong,Naturally Brewed Soy Sauce (Kikkoman) 500ml,https://dunyong.com/products/naturally-brewed-soy-sauce-kikkoman-500ml,Shilla Market,Kikkoman Koikuchi Shoyu Soy Sauce 500ml,https://shillamarket.com/products/kikkoman-koikuchi-shoyu-500ml,SAME
SAME,KIKKOMAN,Dun Yong,Shouyu Naturally Brewed Soy Sauce (Kikkoman) 1L,https://dunyong.com/products/shouyu-naturally-brewed-soy-sauce-kikkoman-1l,Shilla Market,Kikkoman Koikuchi Shoyu Soy Sauce 1L,https://shillamarket.com/products/koikuchi-shoyu-1l,SAME
SAME,KIKKOMAN,Dun Yong,Shouyu Naturally Brewed Soy Sauce (Kikkoman) 1L,https://dunyong.com/products/shouyu-naturally-brewed-soy-sauce-kikkoman-1l,Tjin's Toko,"Kikkoman Kikkoman Soy Sauce, 1L",https://www.tjinstoko.eu/en/kikkoman-soy-sauce-1l.html,SAME
SAME,KIKKOMAN,Dun Yong,Shouyu Naturally Brewed Soy Sauce (Kikkoman) 1L,https://dunyong.com/products/shouyu-naturally-brewed-soy-sauce-kikkoman-1l,Toko Asia,KIKKOMAN SOY SAUCE 1 LITER,https://www.tokoazia.nl/Kikkoman-Soy-Sauce-1-Liter,SAME
SAME,KIKKOMAN,Dun Yong,Shouyu Naturally Brewed Soy Sauce (Kikkoman) 1L,https://dunyong.com/products/shouyu-naturally-brewed-soy-sauce-kikkoman-1l,Toko Gembira,Kikkoman sojasaus 1 L,https://www.tokogembira.nl/nl/kikkoman-sojasaus-1-l.html,SAME
SAME,KIKKOMAN,Dun Yong,Sweet Soy Sauce for Rice (Kikkoman) 250ml,https://dunyong.com/products/sweet-soy-sauce-for-rice-kikkoman-250ml,Shilla Market,Kikkoman Sweet Soy Sauce 250ml,https://shillamarket.com/products/kikkoman-sweet-soy-sauce-250ml,SAME
SAME,KIKKOMAN,Shilla Market,Kikkoman Gen'en Shoyu Reduced Salt Soy Sauce 150ml,https://shillamarket.com/products/kikkoman-genen-shoyu-table-dispenser-150ml,Toko Asia,KIKKOMAN LESS SALT SOY SAUCE 150 ML,https://www.tokoazia.nl/Kikkoman-Less-Salt-Soy-Sauce-150-ml,SAME
SAME,KIKKOMAN,Shilla Market,Kikkoman Koikuchi Shoyu Soy Sauce 1L,https://shillamarket.com/products/koikuchi-shoyu-1l,Toko Gembira,Kikkoman sojasaus 1 L,https://www.tokogembira.nl/nl/kikkoman-sojasaus-1-l.html,SAME
SAME,KIKKOMAN,Shilla Market,Kikkoman Koikuchi Shoyu Soy Sauce 1L,https://shillamarket.com/products/koikuchi-shoyu-1l,Toko Asia,KIKKOMAN SOY SAUCE 1 LITER,https://www.tokoazia.nl/Kikkoman-Soy-Sauce-1-Liter,SAME
SAME,KIKKOMAN,Shilla Market,Kikkoman Koikuchi Shoyu Soy Sauce 500ml,https://shillamarket.com/products/kikkoman-koikuchi-shoyu-500ml,Toko Asia,KIKKOMAN SOY SAUCE 500 ML,https://www.tokoazia.nl/Kikkoman-Soy-Sauce-500-ml,SAME
SAME,KIKKOMAN,Shilla Market,Kikkoman Koikuchi Shoyu Soy Sauce Table Dispenser 150ml,https://shillamarket.com/products/kikkoman-shoyu-table-dispenser-150ml,Tjin's Toko,"Kikkoman Kikkoman Soy Sauce Pour Bottle, 150ml",https://www.tjinstoko.eu/en/kikkoman-soy-sauce-150ml.html,SAME
SAME,KIKKOMAN,Shilla Market,Kikkoman Koikuchi Shoyu Soy Sauce Table Dispenser 150ml,https://shillamarket.com/products/kikkoman-shoyu-table-dispenser-150ml,Toko Asia,KIKKOMAN SOY SAUCE TAFELFLES 150 ML,https://www.tokoazia.nl/Kikkoman-Soja-Sauce-150-ml,SAME
SAME,KIKKOMAN,Shilla Market,Kikkoman Tamari Shoyu Soy Sauce Gluten-Free 250ml,https://shillamarket.com/products/kikkoman-tamari-shoyu-250ml,Tjin's Toko,"Kikkoman Kikkoman Tamari Soy Sauce, 250ml",https://www.tjinstoko.eu/en/kikkoman-tamari-soy-sauce-250ml.html,SAME
SAME,KIKKOMAN,Shilla Market,Kikkoman Tamari Shoyu Soy Sauce Gluten-Free 250ml,https://shillamarket.com/products/kikkoman-tamari-shoyu-250ml,Toko Asia,KIKKOMAN TAMARI SOY SAUCE 250 ML,https://www.tokoazia.nl/Kikkoman-Tamari-Soy-Sauce-250-ml,SAME
SAME,KIKKOMAN,Shilla Market,Kikkoman Tokusen Marudaizu Shoyu Soy Sauce 1L,https://shillamarket.com/products/tokusen-marudaizu-shoyu-1l,Toko Asia,KIKKOMAN SOY SAUCE 1 LITER,https://www.tokoazia.nl/Kikkoman-Soy-Sauce-1-Liter,DIFFERENT
SAME,KIKKOMAN,Shilla Market,Kikkoman Tokusen Marudaizu Shoyu Soy Sauce 1L,https://shillamarket.com/products/tokusen-marudaizu-shoyu-1l,Tjin's Toko,"Kikkoman Kikkoman Tokusen Marudaizu Shoyu, 1L",https://www.tjinstoko.eu/en/kikkoman-tokusen-marudaizu-shoyu-1l.html,SAME
SAME,KIKKOMAN,Tjin's Toko,"Kikkoman Kikkoman Less Salt Schenkfles, 150ml",https://www.tjinstoko.eu/en/kikkoman-less-salt-schenkfles-150ml.html,Toko Asia,KIKKOMAN LESS SALT SOY SAUCE 150 ML,https://www.tokoazia.nl/Kikkoman-Less-Salt-Soy-Sauce-150-ml,SAME
SAME,KIKKOMAN,Tjin's Toko,"Kikkoman Kikkoman Ponzu Citrus Soy Sauce, 250ml",https://www.tjinstoko.eu/en/kikkoman-ponzu-citrus-soy-sauce-250ml.html,Toko Asia,KIKKOMAN PONZU LEMON SOY SAUCE 250 ML,https://www.tokoazia.nl/KIKKOMAN-PONZU-LEMON-SOY-SAUCE-250-ML,SAME
SAME,KIKKOMAN,Tjin's Toko,"Kikkoman Kikkoman Ponzu Soy Sauce, 1L",https://www.tjinstoko.eu/en/kikkoman-ponzu-soy-sauce-1l.html,Toko Asia,KIKKOMAN SOY SAUCE 1 LITER,https://www.tokoazia.nl/Kikkoman-Soy-Sauce-1-Liter,DIFFERENT
SAME,KIKKOMAN,Tjin's Toko,"Kikkoman Kikkoman Soy Sauce Less Salt, 250ml",https://www.tjinstoko.eu/en/kikkoman-soy-sauce-less-salt-250ml.html,Toko Gembira,Kikkoman Soja saus 250ml less salt,https://www.tokogembira.nl/nl/kikkoman-soja-saus-250ml.html,SAME
SAME,KIKKOMAN,Tjin's Toko,"Kikkoman Kikkoman Soy Sauce Less Salt, 975ml",https://www.tjinstoko.eu/en/kikkoman-soy-sauce-less-salt-975ml.html,Toko Asia,KIKKOMAN LESS SALT SOY SAUCE 975 ML,https://www.tokoazia.nl/Kikkoman-Less-Salt-Soy-Sauce-1-Liter,SAME
SAME,KIKKOMAN,Tjin's Toko,"Kikkoman Kikkoman Soy Sauce Pour Bottle, 150ml",https://www.tjinstoko.eu/en/kikkoman-soy-sauce-150ml.html,Toko Asia,KIKKOMAN SOY SAUCE TAFELFLES 150 ML,https://www.tokoazia.nl/Kikkoman-Soja-Sauce-150-ml,SAME
SAME,KIKKOMAN,Tjin's Toko,"Kikkoman Kikkoman Soy Sauce, 1L",https://www.tjinstoko.eu/en/kikkoman-soy-sauce-1l.html,Toko Asia,KIKKOMAN SOY SAUCE 1 LITER,https://www.tokoazia.nl/Kikkoman-Soy-Sauce-1-Liter,SAME
SAME,KIKKOMAN,Tjin's Toko,"Kikkoman Kikkoman Soy Sauce, 1L",https://www.tjinstoko.eu/en/kikkoman-soy-sauce-1l.html,Toko Gembira,Kikkoman sojasaus 1 L,https://www.tokogembira.nl/nl/kikkoman-sojasaus-1-l.html,SAME
SAME,KIKKOMAN,Tjin's Toko,"Kikkoman Kikkoman Soy Sauce, 250ml",https://www.tjinstoko.eu/en/kikkoman-soy-sauce-250ml.html,Toko Asia,KIKKOMAN SOY SAUCE 250 ML,https://www.tokoazia.nl/Kikkoman-Soy-Sauce-250-ml,SAME
SAME,KIKKOMAN,Tjin's Toko,"Kikkoman Kikkoman Sushi &amp; Sashimi Soy Sauce, 250ml",https://www.tjinstoko.eu/en/kikkoman-sushi-sashimi-soy-sauce-250ml.html,Toko Asia,KIKKOMAN SOY SAUCE 250 ML,https://www.tokoazia.nl/Kikkoman-Soy-Sauce-250-ml,DIFFERENT
SAME,KIKKOMAN,Tjin's Toko,"Kikkoman Kikkoman Tamari Soy Sauce, 150ml",https://www.tjinstoko.eu/en/kikkoman-tamari-sojasaus-150ml.html,Toko Asia,KIKKOMAN GLUTEN FREE SOJASAUS TAMARI 150ML,https://www.tokoazia.nl/KIKKOMAN-GLUTEN-FREE-SOJASAUS-TAMARI-150ML,SAME
SAME,KIKKOMAN,Tjin's Toko,"Kikkoman Kikkoman Tamari Soy Sauce, 250ml",https://www.tjinstoko.eu/en/kikkoman-tamari-soy-sauce-250ml.html,Toko Asia,KIKKOMAN TAMARI SOY SAUCE 250 ML,https://www.tokoazia.nl/Kikkoman-Tamari-Soy-Sauce-250-ml,SAME
SAME,KIKKOMAN,Tjin's Toko,"Kikkoman Kikkoman Tokusen Marudaizu Shoyu, 1L",https://www.tjinstoko.eu/en/kikkoman-tokusen-marudaizu-shoyu-1l.html,Toko Asia,KIKKOMAN SOY SAUCE 1 LITER,https://www.tokoazia.nl/Kikkoman-Soy-Sauce-1-Liter,DIFFERENT
SAME,KIKKOMAN,Toko Asia,KIKKOMAN GLUTEN FREE SOJASAUS TAMARI 150ML,https://www.tokoazia.nl/KIKKOMAN-GLUTEN-FREE-SOJASAUS-TAMARI-150ML,Toko Gembira,Tamari Gluten Free Soy Sauce 150ml - Kikkoman,https://www.tokogembira.nl/nl/tamari-gluten-free-soy-sauce-150ml-kikkoman.html,SAME
SAME,KIKKOMAN,Toko Asia,KIKKOMAN LESS SALT SOY SAUCE 150 ML,https://www.tokoazia.nl/Kikkoman-Less-Salt-Soy-Sauce-150-ml,Toko Gembira,Soy Sauce 150ml less salt Kikkoman,https://www.tokogembira.nl/nl/soy-sauce-150ml-less-salt.html,SAME
SAME,KIKKOMAN,Toko Asia,KIKKOMAN SOY SAUCE 1 LITER,https://www.tokoazia.nl/Kikkoman-Soy-Sauce-1-Liter,Toko Gembira,Kikkoman sojasaus 1 L,https://www.tokogembira.nl/nl/kikkoman-sojasaus-1-l.html,SAME
SAME,KIKKOMAN,Toko Asia,KIKKOMAN SOY SAUCE 500 ML,https://www.tokoazia.nl/Kikkoman-Soy-Sauce-500-ml,Toko Gembira,Kikkoman Sojasaus 500 ml,https://www.tokogembira.nl/nl/kikkoman-sojasaus-500-ml.html,SAME
SAME,LEE KUM KEE,ACE Market,LEE KUM KEE Premium Dark Soy Sauce 500ml,https://acemarket.nl/product/lee-kum-kee-premium-dark-soy-sauce-medium-500ml/,Toko Asia,LEE KUM KEE PREMIUM DARK SOY SAUCE 500 ML,https://www.tokoazia.nl/LKK-Premium-Dark-Soy-Sauce-500-ml,SAME
SAME,LEE KUM KEE,ACE Market,LEE KUM KEE Premium Dark Soy Sauce 500ml,https://acemarket.nl/product/lee-kum-kee-premium-dark-soy-sauce-medium-500ml/,Tjin's Toko,"Lee Kum Kee Lee Kum Kee Premium Dark Soy Sauce, 500ml",https://www.tjinstoko.eu/en/lee-kum-kee-premium-dark-soy-sauce-500ml.html,SAME
SAME,LEE KUM KEE,ACE Market,LEE KUM KEE Premium Light Soy Sauce 150ml,https://acemarket.nl/product/lee-kum-kee-premium-light-soy-sauce-small-150ml/,Tjin's Toko,"Lee Kum Kee Lee Kum Kee Premium Light Soy Sauce, 150ml",https://www.tjinstoko.eu/en/lee-kum-kee-premium-light-soy-sauce-150ml.html,SAME
SAME,LEE KUM KEE,Dun Yong,Double Deluxe Soy Sauce (Lee Kum Kee) 500ml,https://dunyong.com/products/double-deluxe-soy-sauce-lee-kum-kee-500ml,Tjin's Toko,"Lee Kum Kee Lee Kum Kee Double Deluxe Soy Sauce, 500ml",https://www.tjinstoko.eu/en/lee-kum-kee-double-deluxe-soy-sauce-500ml.html,SAME
SAME,LEE KUM KEE,Dun Yong,Seasoned Soy Sauce for Seafood (Lee Kum Kee) 410ml,https://dunyong.com/products/seasoned-soy-sauce-for-seafood-lee-kum-kee-410ml,Tjin's Toko,"Lee Kum Kee Lee Kum Kee Seasoned Soy Sauce For Seafood, 410ml",https://www.tjinstoko.eu/en/lee-kum-kee-seasoned-soy-sauce-for-seafood-410ml.html,SAME
SAME,LEE KUM KEE,Tjin's Toko,"Lee Kum Kee Lee Kum Kee Premium Dark Soy Sauce, 500ml",https://www.tjinstoko.eu/en/lee-kum-kee-premium-dark-soy-sauce-500ml.html,Toko Asia,LEE KUM KEE PREMIUM DARK SOY SAUCE 500 ML,https://www.tokoazia.nl/LKK-Premium-Dark-Soy-Sauce-500-ml,SAME
SAME,LEE KUM KEE,Tjin's Toko,"Lee Kum Kee Lee Kum Kee Premium Light Soy Sauce, 500ml",https://www.tjinstoko.eu/en/lee-kum-kee-premium-light-soy-sauce-500ml.html,Toko Asia,LEE KUM KEE PREMIUM LIGHT SOY SAUCE 500 ML,https://www.tokoazia.nl/LKK-Premium-Light-Soy-Sauce-500-ml,SAME
SAME,PEARL RIVER BRIDGE,ACE Market,PEARL RIVER BRIDGE Light Soy Sauce Large 500ml,https://acemarket.nl/product/pearl-river-bridge-light-soy-sauce-large-500ml/,Tjin's Toko,"Pearl River Bridge Pearl River Bridge Light Soy Sauce, 500ml",https://www.tjinstoko.eu/en/pearl-river-bridge-light-soy-sauce-500ml.html,SAME
SAME,YAMASA,Tjin's Toko,"Yamasa Yamasa Soy Sauce, 1L",https://www.tjinstoko.eu/en/yamasa-soy-sauce-1l.html,Toko Gembira,Yamasa Soy Sauce 1 liter,https://www.tokogembira.nl/nl/yamasa-soy-sauce-1-liter.html,SAME
SAME,YAMASA,Tjin's Toko,"Yamasa Yamasa Soy Sauce, 1L",https://www.tjinstoko.eu/en/yamasa-soy-sauce-1l.html,Toko Asia,YAMASA SOJASAUS FANCY 1LITER,https://www.tokoazia.nl/YAMASA-SOJASAUS-FANCY-1LITER,SAME
SAME,YAMASA,Toko Asia,YAMASA SOJASAUS FANCY 1LITER,https://www.tokoazia.nl/YAMASA-SOJASAUS-FANCY-1LITER,Toko Gembira,Yamasa Soy Sauce 1 liter,https://www.tokogembira.nl/nl/yamasa-soy-sauce-1-liter.html,SAME
UNCERTAIN,ABC,ACE Market,ABC Sweet Soy Sauce Large 600ml,https://acemarket.nl/product/abc-sweet-soy-sauce-large-600ml/,Dun Yong,Kecap Manis Special Sweet Soy Sauce (ABC) 600ml,https://dunyong.com/products/kecap-manis-special-sweet-soy-sauce-abc-600ml,DIFFERENT
UNCERTAIN,ABC,Dun Yong,Kecap Manis Special Sweet Soy Sauce (ABC) 600ml,https://dunyong.com/products/kecap-manis-special-sweet-soy-sauce-abc-600ml,Toko Gembira,ABC Kecap Manis 600ml,https://www.tokogembira.nl/nl/abc-kecap-manis-600ml.html,DIFFERENT
UNCERTAIN,ABC,Dun Yong,Kecap Manis Special Sweet Soy Sauce (ABC) 600ml,https://dunyong.com/products/kecap-manis-special-sweet-soy-sauce-abc-600ml,Tjin's Toko,"ABC ABC Kecap Manis, 600ml",https://www.tjinstoko.eu/en/abc-kecap-manis-600ml.html,DIFFERENT
UNCERTAIN,ABC,Tjin's Toko,"ABC ABC Kecap Manis, 600ml",https://www.tjinstoko.eu/en/abc-kecap-manis-600ml.html,Toko Gembira,ABC Kecap Manis 600ml,https://www.tokogembira.nl/nl/abc-kecap-manis-600ml.html,DIFFERENT
UNCERTAIN,ABC,Tjin's Toko,"ABC ABC Ketjap Manis, 275ml",https://www.tjinstoko.eu/en/abc-kecap-manis-275ml.html,Toko Gembira,ABC Kecap Manis Zoet 275ml,https://www.tokogembira.nl/nl/abc-kecap-manis-zoet-275ml.html,DIFFERENT
UNCERTAIN,KIKKOMAN,ACE Market,KIKKOMAN Tamari Gluten-Free Soy Sauce 1L,https://acemarket.nl/product/kikkoman-tamari-gluten-free-soya-sauce-1l/,Tjin's Toko,"Kikkoman Kikkoman Tamari, 1L",https://www.tjinstoko.eu/en/kikkoman-tamari-1l.html,SAME
UNCERTAIN,KIKKOMAN,Dun Yong,Naturally Brewed Less Salt Soy Sauce (Kikkoman) 1L,https://dunyong.com/products/naturally-brewed-less-salt-soy-sauce-kikkoman-1l,Toko Gembira,Kikkoman sojasaus 1 L,https://www.tokogembira.nl/nl/kikkoman-sojasaus-1-l.html,DIFFERENT
UNCERTAIN,KIKKOMAN,Dun Yong,Usukuchi Shoyu Light Soy Sauce  (Kikkoman) 1L,https://dunyong.com/products/usukuchi-shoyu-light-soy-sauce-kikkoman-1l,Toko Gembira,Kikkoman sojasaus 1 L,https://www.tokogembira.nl/nl/kikkoman-sojasaus-1-l.html,DIFFERENT
UNCERTAIN,KIKKOMAN,Shilla Market,Kikkoman Gen'en Shoyu Reduced Salt Soy Sauce 150ml,https://shillamarket.com/products/kikkoman-genen-shoyu-table-dispenser-150ml,Toko Gembira,Soy Sauce 150ml less salt Kikkoman,https://www.tokogembira.nl/nl/soy-sauce-150ml-less-salt.html,SAME
UNCERTAIN,KIKKOMAN,Shilla Market,Kikkoman Tokusen Marudaizu Shoyu Soy Sauce 1L,https://shillamarket.com/products/tokusen-marudaizu-shoyu-1l,Toko Gembira,Kikkoman sojasaus 1 L,https://www.tokogembira.nl/nl/kikkoman-sojasaus-1-l.html,DIFFERENT
UNCERTAIN,KIKKOMAN,Tjin's Toko,"Kikkoman Kikkoman Less Salt Schenkfles, 150ml",https://www.tjinstoko.eu/en/kikkoman-less-salt-schenkfles-150ml.html,Toko Gembira,Soy Sauce 150ml less salt Kikkoman,https://www.tokogembira.nl/nl/soy-sauce-150ml-less-salt.html,DIFFERENT
UNCERTAIN,PEARL RIVER BRIDGE,ACE Market,PEARL RIVER BRIDGE Light Soy Sauce Large 500ml,https://acemarket.nl/product/pearl-river-bridge-light-soy-sauce-large-500ml/,Dun Yong,Superior Light Soy Sauce (Pearl River Bridge) 500ml,https://dunyong.com/products/superior-light-soy-sauce-pearl-river-bridge-500ml,SAME
UNCERTAIN,PEARL RIVER BRIDGE,Dun Yong,Superior Dark Soy Sauce (Pearl River Bridge) 150ml,https://dunyong.com/products/superior-dark-soy-sauce-pearl-river-bridge-150ml,Tjin's Toko,"Pearl River Bridge Pearl River Bridge Dark Soy Sauce, 150ml",https://www.tjinstoko.eu/en/pearl-river-bridge-dark-soy-sauce-150ml.html,SAME
UNCERTAIN,PEARL RIVER BRIDGE,Dun Yong,Superior Dark Soy Sauce (Pearl River Bridge) 500ml,https://dunyong.com/products/superior-dark-soy-sauce-pearl-river-bridge-500ml,Toko Gembira,Dark Soy Sauce 500ml - Pearl River Bridge,https://www.tokogembira.nl/nl/superieure-donkere-sojasaus-500ml.html,SAME
UNCERTAIN,PEARL RIVER BRIDGE,Dun Yong,Superior Dark Soy Sauce (Pearl River Bridge) 500ml,https://dunyong.com/products/superior-dark-soy-sauce-pearl-river-bridge-500ml,Tjin's Toko,"Pearl River Bridge Pearl River Bridge Dark Soy Sauce, 500ml",https://www.tjinstoko.eu/en/pearl-river-bridge-dark-soy-sauce-500ml.html,SAME
UNCERTAIN,PEARL RIVER BRIDGE,Dun Yong,Superior Light Soy Sauce (Pearl River Bridge) 150ml,https://dunyong.com/products/superior-light-soy-sauce-pearl-river-bridge-150ml,Tjin's Toko,"Pearl River Bridge Pearl River Bridge Light Soy Sauce, 150ml",https://www.tjinstoko.eu/en/pearl-river-bridge-light-soy-sauce-150ml.html,SAME
UNCERTAIN,PEARL RIVER BRIDGE,Dun Yong,Superior Light Soy Sauce (Pearl River Bridge) 150ml,https://dunyong.com/products/superior-light-soy-sauce-pearl-river-bridge-150ml,Toko Gembira,Light Soy Sauce 150 ml Pearl River Bridge,https://www.tokogembira.nl/nl/light-soja-saus-150-ml.html,SAME
UNCERTAIN,PEARL RIVER BRIDGE,Dun Yong,Superior Light Soy Sauce (Pearl River Bridge) 500ml,https://dunyong.com/products/superior-light-soy-sauce-pearl-river-bridge-500ml,Tjin's Toko,"Pearl River Bridge Pearl River Bridge Light Soy Sauce, 500ml",https://www.tjinstoko.eu/en/pearl-river-bridge-light-soy-sauce-500ml.html,SAME
UNCERTAIN,PEARL RIVER BRIDGE,Tjin's Toko,"Pearl River Bridge Pearl River Bridge Dark Soy Sauce, 150ml",https://www.tjinstoko.eu/en/pearl-river-bridge-dark-soy-sauce-150ml.html,Toko Gembira,mushroom dark soy sauce 150ml pearl river bridge,https://www.tokogembira.nl/nl/mushroom-dark-soy-sauce-150ml-pearl-river-bridge.html,DIFFERENT
UNCERTAIN,PEARL RIVER BRIDGE,Tjin's Toko,"Pearl River Bridge Pearl River Bridge Dark Soy Sauce, 500ml",https://www.tjinstoko.eu/en/pearl-river-bridge-dark-soy-sauce-500ml.html,Toko Gembira,Dark Soy Sauce 500ml - Pearl River Bridge,https://www.tokogembira.nl/nl/superieure-donkere-sojasaus-500ml.html,SAME
UNCERTAIN,PEARL RIVER BRIDGE,Tjin's Toko,"Pearl River Bridge Pearl River Bridge Light Soy Sauce, 150ml",https://www.tjinstoko.eu/en/pearl-river-bridge-light-soy-sauce-150ml.html,Toko Gembira,Light Soy Sauce 150 ml Pearl River Bridge,https://www.tokogembira.nl/nl/light-soja-saus-150-ml.html,SAME
UNCERTAIN,PEARL RIVER BRIDGE,Tjin's Toko,"Pearl River Bridge Pearl River Bridge Mushroom Soy Sauce, 150ml",https://www.tjinstoko.eu/en/pearl-river-bridge-mushroom-soy-150ml.html,Toko Gembira,mushroom dark soy sauce 150ml pearl river bridge,https://www.tokogembira.nl/nl/mushroom-dark-soy-sauce-150ml-pearl-river-bridge.html,SAME
UNCERTAIN,YAMASA,Dun Yong,Naturally Brewed Soy Sauce (Yamasa) 150ml,https://dunyong.com/products/naturally-brewed-soy-sauce-yamasa-150ml,Tjin's Toko,"Yamasa Yamasa Soy Sauce, 150ml",https://www.tjinstoko.eu/en/yamasa-soy-sauce-150ml.html,SAME